amount,time,is_fraud
93.85,9.45,0
602.02,11.36,0
263.35,20.51,0
182.59,8.16,0
33.92,20.87,0
33.92,2.12,0
11.97,18.64,0
402.25,20.34,0
183.82,4.36,0
246.25,10.33,0
4.16,3.97,0
700.71,16.96,0
357.29,12.85,0
47.74,15.25,0
40.14,4.72,0
40.52,5.08,0
72.55,1.0,0
148.79,7.73,0
113.11,13.43,0
68.84,20.59,0
189.27,16.01,0
30.05,10.45,0
69.1,22.87,0
91.26,17.26,0
121.79,22.32,0
307.59,12.66,0
44.55,6.21,0
144.41,1.27,0
179.5,17.43,0
9.51,2.91,0
187.07,7.27,0
37.39,12.78,0
13.45,13.55,0
594.74,14.41,0
674.13,3.99,1
330.47,9.11,0
72.66,14.81,0
20.56,23.28,0
230.55,17.46,0
116.02,22.14,0
26.03,18.29,0
136.71,14.2,0
7.0,4.61,0
480.08,16.0,0
59.89,14.96,0
217.25,14.46,0
74.71,11.75,0
146.82,12.69,0
158.24,8.03,0
40.88,12.46,0
698.56,4.74,1
298.45,19.32,0
561.02,4.46,1
450.43,2.04,1
182.21,10.47,0
509.89,15.8,0
18.53,10.51,0
43.63,6.64,0
9.26,13.4,0
78.71,8.33,0
98.43,22.39,0
63.31,22.14,0
352.91,12.06,0
88.25,7.87,0
65.96,17.69,0
156.48,0.88,0
30.38,11.39,0
324.1,8.07,0
15.5,22.09,0
866.83,0.29,1
295.9,13.27,0
44.31,17.78,0
1.11,11.64,0
337.98,2.05,0
245.42,23.34,0
261.13,12.43,0
295.04,14.74,0
15.39,5.68,0
88.78,11.6,0
24.63,10.3,0
397.71,1.8,0
195.26,2.55,0
80.36,20.1,0
13.13,5.76,0
74.5,4.68,0
78.66,12.12,0
261.58,18.45,0
202.98,1.49,0
436.45,13.84,0
127.81,2.86,0
25.47,0.88,0
249.83,1.27,0
286.08,20.02,0
164.78,2.83,0
294.78,1.08,0
136.16,10.51,0
147.94,20.26,0
111.56,6.3,0
5.15,10.12,0
22.83,0.96,0
6.39,10.78,0
202.35,13.86,0
75.48,13.7,0
142.09,7.98,0
476.25,7.57,0
57.35,2.56,0
105.66,8.8,0
281.75,2.39,0
51.96,18.4,0
16.02,23.19,0
68.43,23.28,0
35.16,20.76,0
530.99,14.42,0
330.18,16.82,0
200.7,6.84,0
410.3,15.14,0
325.59,10.94,0
41.3,11.57,0
446.16,18.19,0
155.02,6.77,0
329.47,7.63,0
452.85,22.19,0
76.55,1.35,0
23.32,11.66,0
51.74,21.91,0
111.41,14.65,0
340.77,13.11,0
394.27,5.99,0
1.4,8.24,0
142.98,20.45,0
108.05,13.42,0
50.23,12.35,0
25.54,2.39,0
82.38,0.38,0
572.62,23.13,0
78.08,9.05,0
146.29,14.48,0
242.82,1.91,0
90.39,16.39,0
713.56,22.38,0
656.4,13.82,0
58.01,3.03,0
137.53,13.96,0
71.59,18.39,0
67.05,9.75,0
7.52,21.12,0
188.1,15.57,0
139.7,21.58,0
10.57,14.96,0
65.33,3.15,0
477.77,7.43,0
54.77,4.84,0
31.31,21.81,0
134.45,18.25,0
848.81,16.23,0
55.43,7.22,0
223.03,4.42,0
286.78,18.15,0
54.27,11.38,0
260.55,5.42,0
91.7,14.8,0
200.1,0.97,0
200.77,7.83,0
153.48,11.25,0
18.93,3.55,0
360.73,23.63,0
77.36,5.02,0
41.29,3.13,0
8.33,4.88,0
178.76,18.46,0
226.37,10.21,0
3.35,13.57,0
143.53,0.5,0
51.36,0.83,0
207.22,10.7,0
38.32,19.6,0
234.84,21.25,0
97.79,2.08,0
552.07,12.92,0
29.59,21.92,0
83.43,9.31,0
24.09,19.91,0
517.24,3.21,1
419.67,22.45,0
59.67,18.03,0
215.75,22.59,0
339.9,16.24,0
162.03,8.72,0
150.86,22.52,0
55.38,6.61,0
19.55,7.97,0
455.02,16.82,0
461.35,18.37,0
200.53,22.31,0
82.81,4.92,0
85.91,19.15,0
258.89,17.73,0
454.82,1.53,1
436.23,9.29,0
302.71,6.79,0
205.46,7.31,0
17.58,23.59,0
35.26,15.43,0
457.65,17.22,0
186.5,23.44,0
1.85,9.05,0
21.4,19.24,0
217.83,10.43,0
1.01,20.87,0
35.06,4.34,0
159.14,22.74,0
235.46,5.25,0
211.09,7.83,0
50.79,18.15,0
249.08,9.45,0
54.16,14.6,0
78.73,10.67,0
274.47,17.82,0
209.75,5.48,0
378.39,1.4,0
214.36,7.2,0
168.01,11.38,0
19.67,4.03,0
91.68,8.52,0
61.63,9.6,0
55.94,1.38,0
722.46,14.0,0
99.88,21.22,0
445.21,3.64,1
199.47,14.35,0
316.77,15.95,0
139.69,10.06,0
172.03,16.83,0
135.66,9.86,0
43.44,12.11,0
256.35,0.18,0
65.92,16.6,0
4.92,15.87,0
207.39,0.92,0
38.99,8.84,0
564.22,23.5,0
615.51,10.1,0
492.7,12.05,0
92.46,21.84,0
3.12,17.21,0
527.1,13.97,0
111.79,19.15,0
680.17,20.74,0
662.75,10.97,0
383.48,11.4,0
69.76,9.27,0
97.26,23.2,0
380.95,16.73,0
76.23,2.0,0
37.14,20.71,0
162.75,11.53,0
550.26,1.65,1
238.17,13.19,0
168.82,10.01,0
20.45,21.07,0
190.91,4.9,0
922.11,19.84,0
30.18,13.38,0
146.1,1.31,0
419.72,23.32,0
270.01,12.3,0
238.81,6.98,0
242.46,11.27,0
89.1,20.59,0
69.51,7.32,0
331.47,4.62,0
332.27,3.1,0
403.59,7.15,0
488.92,18.72,0
143.22,11.32,0
139.24,5.46,0
320.19,3.99,0
209.94,7.99,0
242.11,22.56,0
317.72,8.23,0
441.46,23.71,0
82.5,11.65,0
94.19,4.3,0
19.74,21.39,0
172.68,11.05,0
7.32,17.03,0
125.32,23.61,0
156.46,1.2,0
67.53,2.32,0
178.73,17.29,0
6.2,6.76,0
7.61,4.42,0
345.87,0.94,0
89.32,0.52,0
27.18,18.59,0
147.73,3.23,0
293.93,11.23,0
48.62,14.54,0
195.04,10.28,0
17.84,0.65,0
10.61,18.8,0
151.58,0.25,0
155.58,18.29,0
202.91,21.44,0
258.99,10.39,0
744.71,12.85,0
145.26,11.45,0
78.0,9.34,0
317.13,21.3,0
63.17,21.45,0
115.6,8.06,0
16.34,14.76,0
5.14,22.25,0
657.48,23.09,0
361.55,12.22,0
238.13,10.87,0
105.17,6.69,0
38.06,23.01,0
34.02,3.43,0
57.6,13.92,0
159.36,6.78,0
250.77,6.7,0
215.88,9.72,0
65.68,23.97,0
619.62,1.32,1
267.8,13.89,0
161.65,1.98,0
189.21,3.71,0
108.81,10.55,0
56.93,12.25,0
88.0,6.21,0
283.64,7.59,0
2.9,2.09,0
24.68,7.28,0
9.42,23.2,0
8.32,22.67,0
386.84,8.04,0
243.25,13.7,0
128.56,21.83,0
20.59,0.15,0
135.3,19.46,0
128.29,22.76,0
38.04,2.19,0
113.78,3.87,0
101.67,23.06,0
191.34,12.9,0
201.62,0.34,0
9.27,6.18,0
93.88,10.8,0
196.62,16.63,0
139.89,17.6,0
388.27,23.89,0
214.99,6.9,0
35.57,12.92,0
14.64,12.8,0
205.68,9.74,0
5.37,4.06,0
176.27,23.46,0
563.45,20.48,0
171.36,11.96,0
98.26,14.48,0
206.17,5.45,0
122.59,13.05,0
157.76,16.68,0
567.63,12.36,0
97.59,23.77,0
649.82,14.67,0
471.52,8.9,0
43.58,18.53,0
14.38,4.09,0
21.25,9.23,0
3.68,8.33,0
19.84,10.36,0
229.77,18.76,0
14.77,11.62,0
76.83,19.06,0
372.71,13.84,0
4.71,8.21,0
336.91,19.44,0
66.22,5.72,0
25.15,5.39,0
238.63,12.11,0
198.28,6.26,0
419.88,0.22,1
265.66,15.56,0
325.4,12.27,0
66.27,10.69,0
39.07,23.21,0
277.75,13.71,0
328.84,20.72,0
931.4,3.35,1
106.42,13.66,0
93.05,20.83,0
299.59,13.99,0
83.35,17.23,0
534.03,8.93,0
390.97,2.22,0
112.07,10.99,0
277.96,9.47,0
280.93,20.81,0
21.77,5.86,0
465.69,23.2,0
140.74,23.0,0
350.27,5.94,0
77.15,8.35,0
451.76,21.49,0
98.6,23.2,0
2.18,10.64,0
471.58,7.7,0
19.15,12.63,0
76.93,16.51,0
599.39,6.56,0
601.59,17.68,0
170.4,1.24,0
199.85,1.18,0
119.0,9.27,0
69.4,8.48,0
79.7,7.58,0
223.26,11.78,0
279.17,7.7,0
313.64,4.61,0
311.77,7.43,0
19.13,23.4,0
136.41,9.87,0
11.86,10.67,0
159.49,13.84,0
116.51,23.6,0
437.32,5.8,1
86.44,16.35,0
24.9,17.18,0
30.86,14.58,0
286.69,2.13,0
192.58,16.24,0
21.32,1.54,0
17.57,14.31,0
241.44,17.75,0
15.11,5.06,0
345.04,20.2,0
245.0,0.73,0
16.97,20.25,0
17.73,11.05,0
863.09,5.22,1
93.77,3.21,0
92.61,22.88,0
335.12,1.74,0
588.43,4.78,1
853.75,8.35,0
279.98,14.89,0
94.4,13.08,0
17.44,3.02,0
300.25,6.95,0
163.47,5.73,0
110.41,5.13,0
473.65,9.87,0
23.58,16.9,0
135.7,5.22,0
2.28,8.8,0
126.47,9.38,0
11.59,23.43,0
25.3,22.91,0
25.01,19.2,0
209.51,5.8,0
274.12,1.63,0
175.11,7.61,0
654.94,6.4,0
93.96,12.14,0
67.29,18.67,0
405.9,20.6,0
50.62,20.28,0
660.57,8.63,0
2.45,16.49,0
700.51,7.51,0
8.82,1.46,0
443.54,16.84,0
150.03,0.24,0
991.37,9.82,0
15.33,7.91,0
161.42,16.64,0
696.72,18.39,0
148.09,7.3,0
198.53,19.48,0
237.98,7.05,0
121.23,10.71,0
197.53,17.45,0
175.57,16.63,0
462.85,23.7,0
9.3,5.4,0
65.97,15.9,0
600.8,14.63,0
441.94,21.96,0
121.64,3.75,0
193.59,18.04,0
64.97,13.64,0
41.68,6.59,0
124.61,11.39,0
87.19,8.01,0
175.25,13.9,0
16.18,21.34,0
732.99,13.66,0
856.77,15.16,0
239.57,12.45,0
153.62,1.23,0
74.08,5.59,0
336.18,11.81,0
230.87,7.45,0
35.49,4.36,0
483.66,12.1,0
345.8,7.75,0
598.35,6.19,0
258.72,11.14,0
190.08,3.2,0
108.34,22.27,0
539.8,20.82,0
402.08,16.98,0
9.25,2.55,0
5.34,18.62,0
94.47,19.39,0
332.73,18.43,0
872.86,2.74,1
32.6,15.45,0
180.34,20.02,0
95.89,13.86,0
700.74,15.51,0
369.18,11.0,0
364.44,12.69,0
126.48,0.83,0
107.17,15.34,0
63.88,1.95,0
11.61,10.44,0
400.09,7.02,0
335.22,13.09,0
1634.49,3.2,1
1138.97,16.6,0
162.13,19.08,0
293.06,3.92,0
579.23,2.5,1
378.95,3.49,0
56.83,21.05,0
119.77,12.68,0
27.66,11.21,0
616.04,2.56,1
186.37,15.59,0
51.92,20.83,0
222.77,19.88,0
192.53,15.03,0
88.68,1.81,0
24.11,2.7,0
222.69,1.18,0
146.92,6.18,0
295.96,3.26,0
146.86,6.24,0
382.35,9.24,0
160.55,22.63,0
164.62,14.65,0
418.55,20.04,0
103.33,17.05,0
28.78,2.7,0
5.84,17.66,0
281.41,6.6,0
193.68,15.34,0
243.53,8.18,0
47.9,23.94,0
29.32,6.33,0
2.93,6.7,0
86.34,22.34,0
178.28,0.59,0
99.6,16.72,0
115.06,17.41,0
469.01,20.07,0
85.62,23.39,0
144.31,23.41,0
306.17,1.57,0
101.02,19.72,0
194.62,15.51,0
396.63,15.54,0
597.24,3.08,1
31.82,15.6,0
522.33,23.58,0
135.5,21.88,0
59.75,10.54,0
122.92,0.96,0
782.73,8.7,0
135.7,19.83,0
79.72,16.84,0
200.7,11.02,0
54.93,1.32,0
15.78,10.25,0
27.6,11.26,0
27.4,22.29,0
32.95,15.39,0
29.89,7.48,0
204.82,12.61,0
40.15,1.59,0
84.83,23.34,0
454.19,8.64,0
128.48,11.47,0
220.26,8.53,0
37.83,16.38,0
42.71,15.89,0
8.35,17.17,0
37.01,6.44,0
65.31,7.58,0
38.96,3.01,0
18.58,15.73,0
25.71,0.96,0
123.53,14.34,0
46.22,20.87,0
90.6,21.38,0
140.0,10.78,0
234.49,11.02,0
8.02,1.85,0
321.3,16.1,0
197.72,19.71,0
17.06,5.87,0
413.63,10.11,0
507.34,20.13,0
12.6,21.05,0
64.84,5.84,0
328.19,13.21,0
275.87,4.62,0
40.8,2.45,0
46.98,21.87,0
92.56,19.69,0
132.53,18.24,0
192.6,1.17,0
92.06,20.25,0
124.18,10.51,0
275.25,8.22,0
7.47,13.12,0
58.19,2.19,0
249.9,18.16,0
451.15,13.98,0
143.36,4.48,0
151.91,4.52,0
22.67,4.42,0
118.63,1.37,0
152.12,14.11,0
55.54,20.17,0
62.73,0.42,0
94.73,1.18,0
4.06,13.75,0
77.74,19.67,0
47.51,7.84,0
79.35,8.39,0
25.51,14.31,0
442.42,6.58,0
180.08,0.64,0
227.33,17.65,0
311.34,15.02,0
138.01,13.94,0
18.19,17.8,0
154.05,16.21,0
176.78,4.94,0
273.64,8.46,0
113.01,3.03,0
27.3,3.12,0
66.75,16.23,0
90.22,20.61,0
207.64,23.11,0
169.16,15.08,0
88.04,4.42,0
861.24,2.54,1
186.17,19.51,0
54.16,13.89,0
21.47,14.84,0
33.18,18.76,0
56.46,16.88,0
35.03,20.03,0
41.3,1.35,0
67.12,17.94,0
38.08,20.42,0
454.15,6.87,0
16.73,15.37,0
148.68,7.54,0
105.66,22.99,0
807.73,0.8,1
23.77,13.92,0
101.45,4.0,0
697.81,17.09,0
401.25,4.22,1
339.73,5.65,0
59.66,11.86,0
37.48,21.96,0
220.91,5.08,0
530.08,3.46,1
162.73,18.22,0
169.55,12.01,0
65.7,21.88,0
293.49,3.52,0
41.42,15.5,0
78.22,5.59,0
110.83,3.76,0
141.7,16.4,0
55.52,14.25,0
24.4,18.12,0
188.64,7.43,0
68.11,10.75,0
174.09,9.73,0
33.53,23.62,0
131.22,7.01,0
152.11,7.08,0
10.64,8.51,0
82.08,13.55,0
28.87,6.06,0
13.09,21.97,0
920.24,6.38,0
77.83,21.5,0
332.01,2.48,0
58.78,15.76,0
228.83,21.77,0
285.61,4.05,0
181.09,23.24,0
127.57,10.87,0
106.15,22.7,0
85.81,16.24,0
530.51,7.24,0
355.12,4.52,0
670.64,7.29,0
26.55,2.23,0
262.51,3.45,0
557.23,2.51,1
39.99,10.15,0
13.76,19.09,0
270.28,3.39,0
170.89,3.13,0
368.82,15.44,0
30.11,4.73,0
317.21,2.34,0
45.04,4.0,0
35.74,22.17,0
35.89,19.72,0
337.02,8.5,0
218.84,15.74,0
148.08,12.89,0
88.89,16.25,0
419.44,16.38,0
99.66,15.09,0
339.22,6.39,0
115.65,0.94,0
94.62,10.93,0
124.23,21.38,0
71.73,13.67,0
275.36,19.98,0
139.72,23.8,0
52.85,3.93,0
459.67,16.6,0
96.87,16.18,0
156.86,23.52,0
473.9,23.65,0
195.76,16.48,0
24.86,5.85,0
562.12,19.17,0
197.62,2.57,0
81.57,18.74,0
30.0,21.84,0
316.0,9.19,0
193.56,15.14,0
152.48,10.32,0
448.66,10.51,0
310.8,7.45,0
32.9,18.29,0
74.71,22.47,0
57.13,22.58,0
272.47,4.19,0
6.82,20.99,0
168.74,17.7,0
287.48,6.07,0
418.73,1.61,1
83.73,6.43,0
344.36,21.89,0
23.45,15.2,0
374.75,17.31,0
27.28,6.17,0
101.26,17.27,0
319.2,0.67,0
32.48,9.01,0
52.08,15.04,0
256.21,3.51,0
254.62,19.75,0
204.97,5.64,0
236.8,15.65,0
156.49,9.72,0
58.02,14.31,0
84.84,2.58,0
40.08,0.41,0
478.18,21.83,0
175.12,6.47,0
102.45,19.67,0
123.98,23.98,0
588.56,5.07,1
33.29,6.36,0
176.49,15.91,0
141.0,23.17,0
189.07,21.98,0
3.66,12.07,0
411.34,19.08,0
538.0,3.26,1
166.54,23.46,0
238.57,23.14,0
511.49,3.93,1
245.68,7.19,0
33.1,2.4,0
171.74,6.52,0
186.64,19.58,0
110.37,9.08,0
266.7,2.12,0
544.74,8.21,0
519.58,23.55,0
119.87,15.11,0
24.04,9.99,0
837.83,4.0,1
365.14,23.67,0
26.63,19.7,0
507.26,6.76,0
407.88,1.68,1
146.31,1.36,0
178.94,2.89,0
101.83,13.94,0
11.26,22.29,0
81.65,11.92,0
324.76,20.23,0
0.93,10.7,0
81.14,17.01,0
101.56,17.56,0
154.18,4.18,0
504.79,8.67,0
85.04,15.3,0
85.22,1.7,0
267.5,8.68,0
120.38,12.84,0
50.88,23.91,0
120.46,11.39,0
30.36,19.59,0
38.81,10.37,0
137.98,19.11,0
108.58,14.29,0
492.66,21.28,0
90.01,9.86,0
173.78,14.5,0
200.08,15.12,0
2.64,10.02,0
217.85,3.46,0
39.21,2.25,0
649.2,0.4,1
32.19,20.96,0
107.1,5.68,0
17.84,5.08,0
1153.62,17.66,0
139.51,7.68,0
180.96,12.15,0
13.89,3.9,0
277.23,23.03,0
47.12,20.44,0
456.66,20.73,0
45.92,9.76,0
42.31,18.3,0
7.45,3.45,0
127.76,0.21,0
166.41,0.48,0
13.59,14.08,0
298.8,10.93,0
120.77,12.43,0
148.63,0.18,0
116.24,10.14,0
102.42,17.23,0
164.03,10.62,0
33.74,17.57,0
40.16,5.59,0
395.79,19.52,0
584.18,14.12,0
93.46,5.06,0
63.15,5.68,0
206.56,15.07,0
105.1,19.92,0
5.14,9.98,0
33.96,6.2,0
251.74,20.81,0
215.13,16.06,0
5.49,10.75,0
50.2,11.71,0
52.55,4.9,0
222.88,15.04,0
3.98,8.61,0
21.99,23.9,0
321.8,11.52,0
39.34,11.66,0
211.54,13.58,0
54.41,22.0,0
20.95,19.22,0
55.72,10.83,0
256.22,17.25,0
387.17,14.07,0
354.65,11.82,0
101.23,4.62,0
220.58,11.13,0
45.88,5.9,0
69.39,21.96,0
453.32,8.05,0
2.62,22.85,0
17.88,12.79,0
46.61,15.16,0
5.38,13.03,0
40.04,3.11,0
174.95,9.02,0
109.44,2.38,0
446.37,14.95,0
340.14,10.72,0
83.65,18.67,0
60.07,5.29,0
95.51,3.95,0
178.46,9.75,0
62.41,22.24,0
195.71,17.05,0
105.33,10.05,0
160.61,12.41,0
114.59,2.02,0
69.76,23.63,0
593.05,15.99,0
288.45,6.85,0
30.19,14.06,0
405.7,2.63,1
133.66,23.18,0
449.91,4.19,1
321.74,15.55,0
110.75,5.89,0
4.55,17.22,0
62.58,18.64,0
156.02,16.16,0
200.74,14.75,0
59.65,21.42,0
30.01,1.89,0
360.28,7.94,0
832.12,5.96,1
149.18,23.71,0
37.67,9.35,0
63.58,17.58,0
3.71,16.43,0
491.38,5.09,1
25.06,5.74,0
171.85,6.75,0
64.06,9.87,0
161.57,5.62,0
210.78,0.47,0
354.09,21.11,0
46.24,23.17,0
2.21,8.2,0
29.44,8.12,0
460.55,0.17,1
414.12,16.33,0
181.97,19.81,0
183.52,3.52,0
218.75,3.83,0
38.56,18.96,0
491.64,14.79,0
108.52,1.08,0
96.62,14.94,0
146.34,7.41,0
9.62,8.85,0
36.37,18.47,0
267.91,19.46,0
17.29,9.61,0
184.84,22.73,0
56.3,9.76,0
98.63,18.52,0
68.13,11.61,0
87.91,21.54,0
253.91,21.79,0
70.51,2.1,0
167.13,22.48,0
129.27,19.81,0
217.93,18.99,0
552.38,4.82,1
263.78,19.32,0
48.4,20.4,0
6.34,6.94,0
60.83,22.85,0
180.81,1.2,0
10.56,3.6,0
137.18,12.9,0
181.69,13.82,0
81.37,15.48,0
294.73,0.41,0
22.54,23.05,0
15.62,1.07,0
260.53,3.43,0
136.83,0.34,0
233.21,13.6,0
114.12,22.37,0
56.58,15.98,0
341.96,19.74,0
321.3,0.32,0
237.29,13.01,0
63.53,11.03,0
178.43,11.98,0
89.56,1.73,0
19.21,16.43,0
498.54,12.08,0
29.43,18.36,0
600.1,11.65,0
118.12,3.59,0
40.95,15.56,0
156.13,4.14,0
412.63,20.94,0
263.52,14.71,0
328.56,3.77,0
215.05,23.1,0
235.71,12.44,0
378.35,1.75,0
57.45,15.04,0
134.44,6.08,0
50.0,19.29,0
879.11,19.63,0
576.69,23.49,0
8.05,12.04,0
244.55,10.92,0
518.72,18.08,0
39.83,3.18,0
167.84,13.13,0
494.17,13.11,0
6.91,2.15,0
239.08,10.03,0
70.58,20.48,0
516.45,20.55,0
708.49,2.38,1
577.43,2.18,1
128.57,6.3,0
396.16,20.99,0
372.29,3.09,0
76.87,17.28,0
353.12,2.43,0
7.54,14.96,0
181.4,8.55,0
52.28,18.93,0
25.7,5.61,0
16.02,15.34,0
238.34,5.66,0
83.07,17.13,0
258.03,20.97,0
13.52,3.04,0
75.75,20.8,0
155.08,14.25,0
312.82,3.05,0
76.77,10.26,0
196.64,3.86,0
434.27,16.81,0
191.35,18.21,0
53.04,2.54,0
4.94,12.15,0
408.2,19.55,0
4.3,22.47,0
415.41,12.32,0
150.55,22.81,0
559.6,12.86,0
320.67,9.46,0
1236.44,20.36,0
86.38,11.83,0
291.51,11.33,0
102.81,11.77,0
130.74,20.32,0
197.51,19.97,0
413.78,9.68,0
828.08,8.0,0
292.44,11.81,0
108.18,13.75,0
109.41,5.72,0
267.56,19.05,0
54.57,11.68,0
23.41,8.02,0
87.58,2.56,0
67.72,5.73,0
70.28,22.78,0
53.21,7.32,0
8.6,4.05,0
3.61,11.06,0
880.0,7.37,0
111.64,0.84,0
97.01,7.76,0
227.67,13.06,0
49.25,13.24,0
598.99,8.56,0
308.68,10.74,0
18.73,23.17,0
108.11,9.06,0
422.59,6.2,0
579.11,5.84,1
126.0,10.99,0
190.08,18.23,0
36.55,4.94,0
945.89,17.02,0
52.71,0.51,0
572.0,10.05,0
209.76,18.62,0
187.16,8.13,0
143.77,13.53,0
52.45,4.92,0
38.85,17.81,0
49.82,1.25,0
41.27,20.46,0
302.45,4.76,0
86.2,20.99,0
11.92,8.46,0
695.42,17.34,0
430.46,7.66,0
525.53,21.74,0
1056.01,3.04,1
38.21,4.28,0
100.92,11.83,0
283.96,1.97,0
238.16,4.7,0
33.42,22.65,0
338.38,23.44,0
50.83,9.03,0
50.67,22.16,0
153.99,13.08,0
179.76,6.47,0
173.54,16.86,0
19.19,15.81,0
419.86,23.74,0
61.74,6.36,0
27.74,16.13,0
439.19,1.25,1
623.14,2.73,1
396.29,0.09,0
331.64,23.99,0
212.98,19.25,0
160.08,18.88,0
18.2,12.23,0
105.0,7.2,0
93.26,3.63,0
60.15,6.83,0
257.05,9.02,0
136.99,18.15,0
16.9,12.95,0
49.74,1.86,0
229.93,0.43,0
15.84,2.46,0
381.04,9.85,0
136.7,22.4,0
131.01,15.3,0
179.5,19.24,0
348.23,11.19,0
85.48,8.68,0
226.65,2.6,0
166.82,21.02,0
62.13,18.8,0
421.78,4.03,1
319.33,12.29,0
214.85,11.7,0
380.2,15.0,0
403.92,22.71,0
246.45,13.91,0
362.82,12.97,0
239.12,1.21,0
227.97,1.51,0
192.79,4.5,0
279.44,0.78,0
34.54,17.84,0
425.51,17.36,0
410.9,3.27,1
5.94,20.07,0
349.53,3.71,0
27.59,7.23,0
81.63,5.98,0
272.13,8.94,0
35.05,6.11,0
340.71,11.73,0
356.92,9.78,0
141.64,23.68,0
1.28,1.34,0
67.67,3.41,0
191.91,1.27,0
794.63,15.02,0
199.83,1.31,0
60.17,20.07,0
201.03,12.29,0
155.3,12.65,0
302.69,13.48,0
22.63,4.1,0
286.28,4.74,0
155.86,7.65,0
659.32,14.24,0
83.67,5.04,0
200.27,2.79,0
537.73,23.28,0
21.63,0.53,0
553.65,19.26,0
232.88,18.91,0
14.05,7.13,0
71.61,3.26,0
246.32,3.5,0
13.95,16.74,0
174.54,15.43,0
84.89,18.79,0
194.0,22.5,0
9.36,16.61,0
410.42,3.74,1
726.04,5.84,1
693.97,20.21,0
276.98,5.02,0
27.87,1.74,0
283.98,16.88,0
4.98,9.66,0
4.47,22.08,0
78.2,15.61,0
134.14,2.17,0
294.29,22.75,0
229.96,6.21,0
118.08,8.09,0
63.94,9.65,0
1170.31,1.23,1
111.09,11.92,0
120.07,2.96,0
35.74,9.62,0
316.76,8.42,0
236.63,18.55,0
49.89,19.28,0
17.19,3.68,0
228.2,8.8,0
212.56,8.96,0
63.84,3.63,0
602.63,19.16,0
32.75,16.97,0
113.24,4.57,0
575.11,8.8,0
108.85,2.54,0
203.51,15.08,0
101.36,2.91,0
64.1,23.66,0
826.75,18.74,0
105.3,9.37,0
449.05,13.89,0
52.26,21.87,0
47.93,13.3,0
6.33,4.19,0
210.92,9.09,0
91.94,20.24,0
399.55,15.46,0
128.19,15.62,0
689.62,20.8,0
41.04,21.46,0
405.94,22.08,0
299.76,2.28,0
294.74,13.06,0
372.59,17.77,0
286.28,18.17,0
196.82,14.56,0
28.14,4.0,0
6.61,19.14,0
507.28,17.28,0
191.76,2.07,0
318.45,11.13,0
131.37,4.18,0
24.96,8.1,0
26.75,0.43,0
231.4,9.61,0
112.53,13.2,0
44.76,14.87,0
135.3,15.92,0
13.27,20.07,0
174.44,5.17,0
62.67,2.89,0
319.46,20.44,0
74.32,3.76,0
121.47,23.39,0
2.34,20.22,0
15.04,12.02,0
99.68,23.55,0
130.76,2.34,0
183.27,7.27,0
68.97,15.32,0
237.48,8.4,0
393.4,22.28,0
302.69,1.58,0
8.09,13.19,0
130.98,14.18,0
22.17,15.67,0
55.43,6.14,0
863.44,8.75,0
30.75,20.25,0
138.19,4.68,0
192.55,19.84,0
242.44,13.5,0
164.04,18.29,0
1.96,17.13,0
79.04,4.98,0
145.84,13.65,0
18.39,20.83,0
86.35,10.37,0
6.75,23.2,0
16.37,10.85,0
101.14,3.43,0
28.48,9.35,0
167.65,22.84,0
233.89,7.67,0
322.48,20.83,0
44.67,21.15,0
36.66,8.4,0
22.09,2.0,0
202.36,17.39,0
245.16,7.48,0
6.42,18.79,0
550.44,10.62,0
10.67,11.65,0
155.87,18.67,0
246.93,9.18,0
409.54,10.64,0
250.41,9.03,0
323.62,8.82,0
82.94,12.62,0
337.29,19.41,0
16.7,8.68,0
450.41,12.58,0
158.63,16.1,0
339.98,6.47,0
120.41,6.66,0
206.33,22.4,0
149.48,17.36,0
263.05,13.85,0
17.03,15.55,0
12.45,0.7,0
56.77,14.83,0
34.76,12.23,0
410.81,13.1,0
49.49,8.63,0
744.82,1.96,1
82.16,4.64,0
40.21,22.82,0
311.84,9.81,0
215.0,11.2,0
137.91,1.27,0
162.1,0.9,0
254.02,17.21,0
51.87,12.91,0
1121.73,12.21,0
736.13,5.83,1
210.15,17.87,0
44.51,4.04,0
228.03,4.56,0
14.99,11.06,0
6.23,6.87,0
59.6,5.94,0
124.21,15.49,0
405.4,15.62,0
259.78,19.79,0
271.51,10.03,0
110.85,1.75,0
84.91,6.57,0
92.74,23.52,0
878.81,14.31,0
8.19,17.03,0
403.53,0.18,1
172.87,12.44,0
115.47,0.9,0
258.38,13.66,0
133.37,22.1,0
413.38,23.24,0
461.93,12.97,0
109.54,11.0,0
64.82,22.68,0
179.47,16.17,0
486.91,1.56,1
47.31,11.18,0
195.08,5.77,0
199.7,11.28,0
264.19,10.93,0
28.21,13.97,0
251.63,8.56,0
479.45,3.94,1
39.61,12.09,0
54.24,19.92,0
710.84,15.94,0
39.93,8.12,0
385.36,22.45,0
135.56,21.89,0
56.8,5.02,0
409.2,0.95,1
117.87,17.79,0
144.65,19.86,0
89.02,23.23,0
179.76,21.36,0
35.71,14.41,0
99.21,12.72,0
697.43,0.67,1
59.72,5.92,0
213.85,11.03,0
78.66,15.08,0
296.98,13.37,0
28.05,17.82,0
700.12,6.71,0
120.95,13.56,0
53.85,2.12,0
15.27,9.93,0
37.21,18.0,0
146.7,16.64,0
82.2,23.78,0
353.08,6.67,0
112.74,11.96,0
57.19,7.91,0
192.02,10.57,0
245.36,20.57,0
36.55,16.42,0
36.69,21.18,0
7.47,4.88,0
266.67,20.96,0
218.01,1.43,0
128.73,21.33,0
371.8,7.9,0
327.64,7.55,0
176.07,12.29,0
405.4,22.58,0
46.09,1.15,0
23.74,8.45,0
62.87,20.56,0
11.76,9.51,0
151.5,4.78,0
551.68,10.2,0
8.03,9.25,0
26.05,21.97,0
120.37,18.29,0
543.24,12.12,0
76.01,23.72,0
141.54,11.17,0
8.49,1.4,0
32.11,6.29,0
862.95,10.47,0
671.16,3.77,1
0.99,22.74,0
606.53,18.4,0
203.84,6.44,0
404.87,14.18,0
121.3,17.31,0
144.97,22.59,0
134.22,21.16,0
219.84,12.36,0
30.08,18.59,0
6.09,13.49,0
73.61,13.26,0
243.94,2.75,0
45.09,3.03,0
223.82,12.71,0
700.73,6.45,0
19.72,0.5,0
223.32,17.35,0
117.31,0.78,0
405.21,14.29,0
39.0,12.94,0
235.94,23.25,0
364.17,11.62,0
578.69,1.53,1
229.93,13.24,0
137.5,20.19,0
192.39,23.92,0
406.37,10.33,0
169.08,7.69,0
6.17,21.76,0
534.58,4.59,1
233.93,14.77,0
225.72,9.74,0
48.59,0.99,0
215.11,8.33,0
100.13,6.37,0
210.67,16.47,0
22.54,22.77,0
214.5,6.43,0
1488.34,19.48,0
9.88,1.33,0
755.97,12.91,0
104.48,1.69,0
409.21,22.42,0
305.01,18.39,0
167.41,15.79,0
268.23,19.77,0
421.59,15.54,0
103.55,23.25,0
79.21,17.13,0
220.28,22.19,0
329.89,12.41,0
287.34,2.81,0
319.71,12.68,0
114.39,3.04,0
340.57,14.22,0
25.61,11.58,0
157.27,14.94,0
1.16,0.24,0
78.49,4.68,0
91.29,11.79,0
100.89,22.81,0
237.8,9.21,0
98.39,10.18,0
119.09,17.15,0
54.24,14.49,0
93.44,7.17,0
51.57,9.86,0
15.2,5.22,0
184.99,23.18,0
220.65,3.14,0
193.25,8.92,0
124.54,0.62,0
95.54,5.32,0
398.04,18.73,0
146.41,4.83,0
130.47,1.92,0
5.2,11.39,0
83.48,0.24,0
95.67,2.03,0
101.77,19.38,0
173.58,18.52,0
152.54,21.96,0
187.25,20.51,0
289.53,16.4,0
335.31,1.26,0
253.26,18.79,0
622.56,20.29,0
3.68,19.18,0
43.58,12.2,0
1.52,5.59,0
208.53,20.29,0
456.62,17.45,0
55.81,23.54,0
523.55,3.74,1
12.43,5.42,0
544.95,5.08,1
86.66,19.02,0
21.39,4.49,0
133.06,1.6,0
59.35,23.97,0
67.06,0.6,0
73.43,20.05,0
324.94,8.77,0
154.94,20.2,0
74.59,13.31,0
188.49,21.64,0
251.86,22.23,0
63.66,0.22,0
106.73,1.81,0
26.0,6.01,0
39.97,16.06,0
228.59,21.32,0
40.04,11.04,0
148.96,14.57,0
246.92,4.52,0
22.61,19.32,0
167.55,23.22,0
59.29,6.45,0
658.97,11.88,0
132.15,2.07,0
327.97,13.42,0
159.8,12.07,0
8.88,3.47,0
200.56,10.61,0
604.84,8.02,0
184.07,12.52,0
342.06,14.06,0
431.19,0.2,1
51.77,18.26,0
47.66,17.11,0
188.83,8.79,0
105.88,1.27,0
366.34,18.12,0
460.56,22.92,0
87.21,5.76,0
54.07,7.76,0
303.3,4.41,0
64.26,13.85,0
345.89,3.72,0
110.24,8.55,0
220.25,16.73,0
20.08,13.44,0
195.56,9.28,0
120.21,10.09,0
176.67,13.49,0
36.79,0.14,0
267.02,1.88,0
397.26,21.15,0
48.86,1.87,0
20.12,16.96,0
4.78,22.08,0
205.43,6.5,0
186.84,8.89,0
158.24,13.65,0
52.78,21.16,0
99.16,22.61,0
180.52,17.75,0
137.34,2.08,0
881.03,16.06,0
29.34,9.85,0
237.58,11.3,0
103.61,1.18,0
111.79,4.59,0
252.88,18.97,0
235.81,10.9,0
947.88,7.24,0
27.48,9.22,0
21.99,20.51,0
257.72,17.98,0
172.73,6.54,0
64.09,2.82,0
16.55,6.05,0
17.91,22.1,0
449.22,13.96,0
42.61,12.8,0
78.13,14.31,0
51.41,8.78,0
87.7,19.37,0
14.39,12.56,0
146.4,2.8,0
14.0,3.1,0
322.24,12.88,0
53.24,22.48,0
155.31,7.4,0
424.18,20.87,0
210.47,18.34,0
152.27,5.95,0
78.41,0.87,0
80.99,2.44,0
221.42,17.48,0
1027.9,4.79,1
216.85,8.91,0
163.19,12.04,0
262.35,17.41,0
125.17,2.72,0
12.41,9.75,0
165.24,11.64,0
632.24,12.98,0
38.55,19.64,0
234.24,4.12,0
44.86,19.39,0
153.5,16.63,0
20.33,13.34,0
119.7,16.79,0
282.25,9.89,0
85.41,3.32,0
218.67,15.98,0
317.39,12.59,0
523.95,15.34,0
53.48,8.11,0
101.94,21.76,0
33.07,14.1,0
978.13,2.05,1
523.46,10.8,0
155.29,18.15,0
369.07,19.06,0
147.19,11.87,0
195.41,21.47,0
18.67,6.42,0
281.52,9.85,0
27.33,21.57,0
349.82,21.51,0
304.68,16.46,0
246.71,20.62,0
7.37,2.13,0
72.23,20.76,0
61.06,7.69,0
89.3,4.28,0
18.34,5.74,0
552.79,10.03,0
161.4,6.03,0
72.92,7.69,0
101.16,3.24,0
118.55,7.11,0
183.56,13.73,0
145.0,10.6,0
503.63,8.32,0
137.42,17.91,0
969.65,21.44,0
381.33,18.16,0
46.77,7.97,0
533.56,17.87,0
24.74,3.65,0
340.15,3.13,0
95.81,8.3,0
420.7,19.38,0
405.08,5.91,1
327.9,1.52,0
312.16,3.16,0
72.68,20.61,0
16.88,15.21,0
103.16,6.08,0
38.12,13.33,0
237.46,12.66,0
84.96,15.73,0
742.72,5.6,1
204.87,20.75,0
345.74,7.42,0
28.43,16.66,0
396.12,0.39,0
512.16,8.94,0
133.52,8.44,0
186.41,13.04,0
289.47,1.75,0
38.44,18.96,0
139.66,5.23,0
101.72,16.25,0
31.65,19.28,0
91.63,13.49,0
14.12,17.78,0
5.23,15.88,0
29.04,8.53,0
659.99,19.41,0
159.49,7.07,0
675.24,13.71,0
113.3,17.89,0
74.74,9.09,0
141.1,7.27,0
115.79,11.02,0
22.33,19.63,0
204.79,22.32,0
48.68,13.08,0
193.3,15.88,0
210.08,21.68,0
32.98,2.37,0
12.66,5.57,0
303.52,17.01,0
123.16,19.77,0
11.98,20.57,0
1054.39,9.96,0
11.9,2.14,0
237.51,10.51,0
823.06,5.54,1
54.67,6.99,0
30.69,18.53,0
25.88,1.81,0
72.27,19.86,0
21.3,10.26,0
235.64,14.31,0
12.86,2.15,0
142.43,8.1,0
1142.58,2.15,1
336.37,23.08,0
191.02,19.37,0
73.13,11.03,0
195.58,5.37,0
149.75,22.4,0
111.05,8.27,0
28.02,3.86,0
435.37,13.52,0
119.49,22.65,0
43.29,0.09,0
91.7,5.71,0
106.93,22.52,0
351.52,4.11,0
264.56,2.72,0
293.33,13.68,0
2.22,20.68,0
107.62,11.45,0
131.3,23.87,0
3.88,16.3,0
60.17,1.78,0
285.66,23.83,0
29.49,9.79,0
153.28,6.9,0
48.47,13.39,0
2.44,7.3,0
55.2,2.07,0
744.89,0.03,1
323.43,10.79,0
641.67,20.08,0
133.83,13.74,0
23.25,23.98,0
158.8,6.88,0
121.17,6.73,0
372.04,3.83,0
20.65,3.94,0
133.98,6.84,0
32.52,19.03,0
78.51,21.74,0
267.39,23.4,0
129.26,5.57,0
94.29,21.15,0
100.33,7.88,0
123.03,2.71,0
307.44,20.88,0
445.28,15.27,0
621.71,3.95,1
309.2,10.32,0
75.79,6.89,0
233.04,17.68,0
115.11,10.88,0
58.79,23.74,0
367.61,1.31,0
7.84,8.52,0
464.07,11.57,0
123.79,12.08,0
202.78,7.58,0
215.38,17.5,0
450.98,20.99,0
202.49,22.53,0
190.35,19.32,0
13.8,20.41,0
146.13,13.21,0
32.54,19.82,0
267.45,7.28,0
143.58,9.56,0
228.03,7.61,0
8.51,11.22,0
17.72,6.85,0
251.98,23.08,0
14.96,7.51,0
14.78,2.35,0
2.44,12.64,0
627.01,1.37,1
267.51,2.65,0
87.16,5.27,0
70.35,11.14,0
86.07,10.4,0
298.02,19.19,0
216.57,17.75,0
40.96,10.23,0
38.26,8.01,0
20.72,7.6,0
215.94,18.58,0
289.1,1.25,0
61.59,0.31,0
4.23,19.09,0
17.15,11.45,0
687.53,3.14,1
70.04,5.65,0
293.26,22.38,0
195.99,20.63,0
96.23,17.03,0
46.06,11.57,0
25.88,12.49,0
190.91,23.41,0
298.01,23.18,0
206.51,5.17,0
151.13,19.47,0
8.57,4.73,0
691.48,5.12,1
320.61,16.23,0
69.29,9.72,0
782.11,22.36,0
184.2,2.14,0
174.66,12.28,0
275.72,22.04,0
334.02,21.7,0
213.7,3.76,0
27.42,8.8,0
82.58,14.86,0
526.45,3.83,1
50.88,23.23,0
93.1,21.95,0
113.15,4.01,0
115.75,2.91,0
189.83,2.05,0
573.21,21.83,0
55.07,4.65,0
25.91,9.99,0
44.0,10.77,0
435.94,14.38,0
207.58,1.72,0
67.35,5.44,0
338.51,22.36,0
395.19,21.8,0
374.83,18.75,0
502.48,0.47,1
58.13,7.85,0
281.33,15.07,0
123.44,6.6,0
369.03,21.83,0
260.75,15.21,0
299.62,1.73,0
213.52,21.82,0
39.06,22.99,0
157.5,1.87,0
835.59,12.78,0
554.16,7.28,0
8.83,9.43,0
36.02,4.31,0
28.25,13.87,0
258.91,22.99,0
340.51,12.07,0
48.04,1.99,0
140.98,14.88,0
367.4,8.17,0
263.95,20.54,0
156.28,10.43,0
178.49,4.63,0
142.0,4.59,0
70.64,18.45,0
166.49,6.37,0
233.52,18.41,0
413.22,4.94,1
202.28,7.72,0
286.36,11.17,0
34.89,22.64,0
123.81,22.36,0
1.88,4.96,0
56.65,8.6,0
259.26,3.59,0
960.97,12.24,0
20.89,11.05,0
102.66,21.62,0
321.96,22.32,0
45.64,9.21,0
161.97,11.8,0
264.15,21.51,0
191.41,19.36,0
41.66,0.09,0
87.82,7.68,0
306.3,10.12,0
161.59,5.51,0
1.05,4.79,0
286.25,0.91,0
7.19,15.44,0
273.87,6.3,0
45.25,1.26,0
634.37,5.54,1
91.75,19.25,0
79.18,20.44,0
32.24,11.59,0
72.94,9.99,0
418.55,23.47,0
1121.75,4.81,1
91.87,5.17,0
119.06,7.0,0
256.08,4.15,0
434.66,9.1,0
179.81,21.86,0
99.36,14.77,0
106.42,9.89,0
237.89,22.43,0
0.64,1.16,0
193.3,5.05,0
87.85,13.58,0
316.17,14.77,0
19.52,0.95,0
177.44,9.67,0
131.16,15.58,0
205.63,16.75,0
13.41,15.32,0
173.49,7.69,0
164.87,2.24,0
164.5,10.25,0
185.01,3.09,0
225.69,22.74,0
326.94,11.4,0
62.89,7.61,0
348.65,18.39,0
137.93,11.95,0
16.04,7.44,0
12.07,19.49,0
81.36,20.81,0
307.33,16.15,0
245.98,1.13,0
310.81,13.59,0
145.66,18.32,0
116.03,3.28,0
31.91,5.49,0
79.56,21.18,0
113.84,0.48,0
18.55,18.07,0
49.85,11.37,0
182.37,10.72,0
266.11,0.17,0
1281.09,19.67,0
540.95,8.64,0
205.76,12.98,0
109.38,16.26,0
202.22,16.86,0
308.03,22.94,0
25.19,12.75,0
105.49,9.59,0
366.27,22.89,0
96.85,15.41,0
169.67,7.16,0
177.23,3.04,0
40.78,20.22,0
89.96,8.69,0
81.45,15.85,0
5.31,11.3,0
4.9,4.77,0
356.4,14.44,0
63.79,1.46,0
145.99,9.92,0
70.97,13.12,0
564.96,10.47,0
60.03,17.97,0
112.3,19.87,0
412.29,18.51,0
368.95,0.93,0
41.18,4.66,0
324.55,12.88,0
122.57,22.44,0
131.93,20.04,0
28.65,20.22,0
16.81,7.28,0
260.35,10.31,0
137.22,11.3,0
114.84,3.78,0
261.5,0.75,0
290.07,22.73,0
34.61,5.78,0
188.44,5.76,0
29.09,2.0,0
278.36,22.28,0
213.98,13.91,0
627.53,16.01,0
14.29,21.88,0
11.75,8.29,0
66.31,14.92,0
60.68,0.93,0
56.73,4.48,0
473.43,19.95,0
57.42,18.4,0
63.48,8.42,0
284.92,9.04,0
119.47,12.81,0
299.86,0.01,0
13.52,5.79,0
133.72,5.0,0
6.84,6.01,0
12.94,19.34,0
473.83,6.71,0
29.99,4.6,0
152.04,12.1,0
105.9,20.78,0
85.34,5.79,0
460.18,1.88,1
4.41,8.55,0
218.0,17.94,0
661.51,13.22,0
164.27,19.6,0
552.36,23.03,0
10.73,19.02,0
108.53,14.49,0
60.26,11.84,0
262.48,0.96,0
795.82,23.62,0
59.29,9.2,0
212.36,3.65,0
44.15,16.0,0
166.63,6.82,0
124.7,14.06,0
715.15,14.08,0
187.57,10.7,0
86.0,20.07,0
24.23,6.36,0
32.8,10.77,0
51.06,12.9,0
57.79,15.93,0
380.25,18.82,0
164.75,9.48,0
148.21,15.51,0
24.38,3.61,0
393.42,22.38,0
256.61,9.19,0
14.01,17.51,0
246.09,0.49,0
156.85,4.92,0
17.05,11.69,0
122.61,21.08,0
132.6,12.65,0
36.25,22.32,0
582.64,11.61,0
379.39,11.77,0
221.14,2.87,0
124.09,19.26,0
106.13,5.93,0
210.52,21.59,0
157.68,21.86,0
12.86,22.64,0
143.69,12.49,0
328.4,16.25,0
122.96,18.68,0
10.67,3.14,0
308.62,14.42,0
44.97,0.82,0
59.85,11.94,0
35.99,3.72,0
80.16,4.39,0
282.73,8.76,0
146.54,10.38,0
45.85,14.96,0
420.47,1.79,1
423.36,12.09,0
408.94,4.38,1
54.57,13.78,0
120.02,15.3,0
839.8,13.36,0
295.69,17.72,0
5.51,8.05,0
13.49,18.36,0
124.7,10.39,0
479.86,11.62,0
154.74,15.55,0
137.76,0.44,0
22.29,15.7,0
213.88,14.85,0
345.31,7.44,0
95.74,2.06,0
298.88,2.18,0
667.51,22.16,0
45.57,16.54,0
148.19,3.05,0
67.69,8.56,0
314.87,14.22,0
172.36,20.05,0
201.34,1.05,0
319.81,5.68,0
100.83,21.35,0
493.23,0.22,1
152.3,4.83,0
34.38,23.02,0
238.08,14.72,0
315.26,6.28,0
76.18,1.61,0
389.23,0.68,0
473.2,5.87,1
64.84,21.16,0
821.14,9.98,0
30.33,17.29,0
45.13,22.04,0
40.72,9.79,0
448.84,4.59,1
212.43,12.41,0
33.0,21.79,0
116.08,19.3,0
191.06,1.58,0
17.43,16.62,0
428.12,13.73,0
325.52,21.78,0
140.72,2.94,0
683.02,12.82,0
108.17,21.11,0
828.42,9.84,0
220.48,11.57,0
201.39,1.69,0
36.29,6.68,0
427.29,7.79,0
111.54,22.68,0
35.4,6.78,0
2.54,11.06,0
164.09,16.11,0
149.9,3.89,0
254.13,11.67,0
441.92,17.72,0
16.55,20.8,0
262.98,15.03,0
41.51,16.06,0
390.64,3.03,0
341.92,22.7,0
155.65,3.18,0
247.74,18.59,0
75.48,6.36,0
127.42,22.41,0
344.79,17.28,0
122.97,18.09,0
88.57,5.26,0
136.33,10.63,0
352.34,14.83,0
81.66,18.48,0
38.17,2.5,0
248.97,23.1,0
349.71,21.37,0
21.21,6.49,0
54.85,19.75,0
30.62,12.44,0
85.52,11.08,0
119.7,7.55,0
276.32,13.94,0
210.62,17.52,0
194.01,9.86,0
86.89,15.1,0
368.33,16.78,0
127.46,17.07,0
773.65,1.25,1
201.1,20.63,0
27.0,11.0,0
225.51,6.3,0
78.64,5.8,0
231.88,11.59,0
14.44,21.28,0
38.45,9.08,0
387.22,17.99,0
51.54,2.32,0
362.85,11.43,0
65.5,23.8,0
205.94,18.49,0
236.93,5.05,0
143.76,12.03,0
72.86,5.61,0
47.82,9.83,0
6.75,18.72,0
72.47,18.51,0
211.78,5.47,0
557.11,22.13,0
409.91,14.22,0
290.54,9.12,0
310.66,12.05,0
218.72,14.52,0
60.3,13.44,0
475.45,11.67,0
222.18,12.12,0
164.4,4.23,0
23.53,19.51,0
118.5,13.0,0
123.37,3.15,0
399.85,18.39,0
158.22,22.38,0
95.74,22.74,0
752.72,8.86,0
23.47,3.25,0
109.83,12.44,0
8.59,2.7,0
269.34,22.42,0
500.39,4.41,1
65.71,6.07,0
390.87,9.76,0
69.12,9.2,0
483.31,19.07,0
280.45,10.95,0
326.86,4.1,0
3.63,6.41,0
658.34,12.22,0
259.42,3.54,0
72.7,14.68,0
353.68,13.58,0
66.12,17.15,0
412.33,22.5,0
23.89,21.89,0
243.27,22.71,0
155.61,5.87,0
20.3,3.16,0
55.39,7.25,0
2.5,21.48,0
126.51,23.33,0
71.7,20.62,0
182.44,2.64,0
70.55,22.74,0
71.31,10.16,0
271.89,0.22,0
9.87,10.62,0
466.39,1.11,1
382.47,13.05,0
220.41,8.13,0
179.9,11.36,0
445.69,14.72,0
40.99,20.85,0
16.45,15.89,0
54.76,10.42,0
316.54,19.67,0
7.06,21.73,0
174.84,2.87,0
1077.98,12.77,0
387.17,6.83,0
147.4,1.13,0
13.15,16.05,0
356.01,20.71,0
182.75,3.91,0
24.42,19.5,0
19.71,20.48,0
480.76,21.94,0
221.25,6.37,0
353.55,21.69,0
422.36,7.7,0
169.62,13.26,0
145.73,1.21,0
112.57,1.05,0
76.24,17.29,0
114.04,10.67,0
297.34,6.15,0
184.22,4.57,0
446.1,16.08,0
117.17,0.01,0
186.83,19.34,0
199.56,1.9,0
179.15,4.6,0
242.56,9.27,0
54.21,11.64,0
143.64,8.52,0
22.01,7.7,0
97.07,23.13,0
133.76,15.4,0
211.24,0.56,0
601.28,10.32,0
183.58,21.0,0
272.2,7.23,0
141.15,2.27,0
201.08,18.2,0
14.71,14.54,0
58.71,13.69,0
89.84,1.29,0
127.92,3.37,0
9.34,14.94,0
30.17,4.99,0
64.82,12.1,0
711.8,13.08,0
80.5,6.8,0
131.57,22.76,0
43.66,20.22,0
188.72,17.34,0
65.89,1.87,0
46.38,2.55,0
145.37,11.83,0
1.1,3.86,0
1.54,23.48,0
49.45,3.8,0
7.48,11.7,0
22.86,8.74,0
82.76,15.35,0
324.49,3.1,0
169.75,10.33,0
143.76,6.59,0
69.48,21.31,0
536.93,0.97,1
101.17,21.93,0
18.22,19.99,0
191.98,7.14,0
24.17,18.94,0
84.69,0.75,0
141.62,23.2,0
414.65,12.64,0
136.06,7.28,0
242.31,8.7,0
987.2,1.59,1
28.2,23.74,0
64.24,0.94,0
100.37,15.72,0
109.58,10.63,0
105.87,22.77,0
476.35,5.9,1
250.38,12.77,0
187.25,11.58,0
74.03,16.87,0
347.22,1.63,0
620.49,4.65,1
344.3,5.15,0
0.31,17.72,0
202.34,4.54,0
10.5,13.76,0
59.58,5.17,0
12.27,20.68,0
185.16,22.61,0
232.05,12.44,0
24.32,8.46,0
96.85,5.62,0
121.85,1.19,0
92.11,6.44,0
25.8,15.7,0
108.58,12.81,0
278.2,22.66,0
14.73,9.51,0
16.72,16.65,0
87.63,11.74,0
568.52,12.3,0
220.87,6.43,0
227.06,10.92,0
89.86,11.3,0
180.11,16.96,0
2.04,22.58,0
202.17,7.9,0
489.03,1.01,1
189.65,11.91,0
413.82,13.07,0
257.45,4.04,0
25.69,18.25,0
465.48,23.64,0
13.75,22.7,0
152.7,4.73,0
30.66,21.01,0
2.36,16.91,0
109.65,10.89,0
69.92,12.97,0
133.11,20.39,0
172.17,11.52,0
8.94,8.96,0
26.25,11.84,0
163.58,13.9,0
84.07,4.54,0
261.26,21.62,0
211.28,16.18,0
373.65,15.2,0
235.85,2.39,0
112.4,14.5,0
223.54,2.9,0
64.42,1.89,0
73.15,12.66,0
311.17,9.67,0
118.27,14.13,0
320.27,2.14,0
345.67,10.34,0
389.77,4.19,0
496.91,23.69,0
112.77,13.47,0
76.8,16.5,0
174.55,7.81,0
92.78,2.27,0
183.8,23.42,0
244.55,6.87,0
233.21,10.17,0
93.86,15.6,0
36.51,0.59,0
112.61,19.45,0
30.77,12.88,0
441.63,6.68,0
84.89,1.48,0
33.56,3.9,0
5.16,21.48,0
207.59,16.46,0
202.62,6.0,0
83.29,1.57,0
14.88,16.57,0
105.4,13.74,0
74.57,9.71,0
226.1,8.73,0
186.17,5.2,0
90.7,16.07,0
49.15,23.3,0
885.17,4.22,1
121.03,14.33,0
233.13,10.18,0
30.29,10.72,0
132.95,6.1,0
5.58,19.8,0
140.82,11.65,0
664.94,13.04,0
96.97,7.31,0
7.96,4.36,0
6.29,2.06,0
98.2,17.14,0
34.88,4.71,0
4.73,16.56,0
282.29,9.37,0
122.69,9.98,0
68.29,11.26,0
460.68,8.83,0
24.69,2.41,0
624.34,7.43,0
75.37,15.93,0
438.57,15.98,0
184.74,6.87,0
350.55,11.04,0
827.2,4.64,1
68.05,5.05,0
649.53,0.55,1
98.69,21.52,0
97.39,5.06,0
83.22,5.46,0
155.92,6.71,0
33.48,3.06,0
161.36,15.34,0
156.05,1.8,0
287.01,3.22,0
358.73,15.47,0
116.12,8.15,0
72.0,16.99,0
60.04,13.38,0
43.29,6.14,0
11.88,15.62,0
83.85,2.79,0
63.01,12.87,0
678.75,10.49,0
163.16,6.43,0
85.32,14.5,0
173.72,20.91,0
29.98,23.97,0
117.41,14.59,0
196.83,9.71,0
134.24,5.4,0
102.76,6.17,0
1018.21,11.51,0
424.58,8.81,0
195.32,21.93,0
168.5,8.84,0
193.86,8.96,0
44.96,9.2,0
100.55,20.08,0
8.05,15.62,0
129.08,14.74,0
156.63,8.02,0
51.69,19.63,0
665.01,0.92,1
480.38,20.9,0
256.13,12.31,0
152.45,9.56,0
408.0,11.93,0
28.0,16.02,0
312.62,0.31,0
26.67,20.92,0
316.18,10.72,0
64.53,8.23,0
419.26,3.32,1
576.63,10.55,0
32.22,11.91,0
124.23,9.69,0
792.53,16.29,0
132.1,10.1,0
398.36,23.07,0
177.7,14.38,0
94.11,19.38,0
67.31,2.62,0
45.44,9.53,0
286.93,8.08,0
97.73,13.67,0
143.19,20.67,0
135.58,1.88,0
172.21,1.74,0
401.35,20.41,0
789.94,5.11,1
104.71,16.05,0
351.49,13.03,0
289.23,19.99,0
170.44,3.0,0
624.93,3.11,1
44.75,13.36,0
23.14,22.71,0
384.78,9.96,0
115.66,7.85,0
375.42,14.56,0
447.15,22.33,0
12.9,20.09,0
429.91,23.89,0
118.96,0.54,0
142.85,2.71,0
197.02,14.63,0
521.77,19.69,0
3.86,6.85,0
129.57,5.74,0
232.77,18.89,0
256.54,1.35,0
235.88,8.87,0
28.87,12.14,0
71.16,13.45,0
88.86,17.49,0
326.37,8.52,0
65.36,14.7,0
47.32,14.05,0
631.41,13.14,0
1.78,15.37,0
1225.76,6.23,0
225.91,2.03,0
352.6,2.86,0
69.8,5.39,0
2.88,12.0,0
267.78,20.17,0
359.33,16.83,0
269.78,18.94,0
30.83,8.42,0
280.02,9.71,0
293.0,9.45,0
214.91,4.6,0
290.59,1.47,0
374.06,14.18,0
190.18,23.74,0
18.56,4.0,0
133.74,1.12,0
16.17,18.71,0
104.7,6.06,0
104.55,19.91,0
13.66,16.89,0
85.79,22.7,0
23.53,9.81,0
330.3,15.89,0
590.11,11.16,0
15.01,15.13,0
620.73,10.79,0
147.87,4.53,0
71.21,12.19,0
16.0,12.69,0
138.88,19.45,0
316.48,17.65,0
245.58,15.93,0
10.31,2.72,0
15.14,17.29,0
103.13,12.01,0
69.99,21.46,0
52.89,22.08,0
65.98,1.32,0
325.4,19.7,0
529.66,0.9,1
103.87,8.81,0
473.13,13.02,0
77.57,3.55,0
129.42,17.91,0
51.24,0.2,0
204.59,4.05,0
772.47,13.94,0
185.01,17.15,0
88.58,22.0,0
208.72,16.93,0
26.23,16.12,0
439.03,9.46,0
139.87,0.03,0
119.33,2.88,0
176.31,12.83,0
196.05,16.2,0
14.9,10.02,0
229.53,17.54,0
55.4,12.52,0
250.32,1.78,0
345.8,4.61,0
325.89,20.16,0
160.82,17.4,0
146.86,21.47,0
30.83,2.82,0
298.64,23.77,0
63.33,5.03,0
137.31,0.28,0
66.89,23.94,0
28.73,6.75,0
198.61,16.03,0
11.17,4.24,0
276.18,13.93,0
76.42,21.7,0
0.03,7.68,0
143.13,16.09,0
9.6,4.51,0
64.64,15.0,0
245.5,8.07,0
12.95,5.07,0
365.69,7.52,0
0.77,4.29,0
56.69,21.65,0
270.11,9.53,0
76.04,5.89,0
21.49,10.76,0
89.33,7.69,0
63.05,17.87,0
369.94,23.31,0
75.19,10.51,0
311.12,20.66,0
444.89,13.58,0
113.77,3.77,0
481.46,16.57,0
94.74,12.32,0
665.28,15.61,0
18.71,21.35,0
232.32,10.57,0
136.17,21.63,0
98.09,18.02,0
200.32,11.73,0
243.38,14.48,0
0.87,7.81,0
36.53,23.61,0
249.69,16.02,0
219.55,1.05,0
676.56,7.84,0
286.29,14.96,0
602.26,1.35,1
242.5,0.57,0
70.78,10.8,0
22.27,7.98,0
304.49,10.52,0
206.65,6.3,0
9.88,3.95,0
89.27,16.54,0
628.38,12.35,0
138.79,4.8,0
113.38,7.67,0
122.39,14.2,0
46.86,1.73,0
92.0,3.54,0
92.35,1.76,0
10.76,19.5,0
291.83,18.06,0
107.74,18.08,0
345.4,17.19,0
379.89,16.07,0
47.65,11.45,0
214.21,15.41,0
127.84,0.92,0
424.31,14.92,0
48.6,18.67,0
226.52,12.01,0
187.17,8.58,0
70.0,6.66,0
29.38,15.43,0
210.9,16.63,0
268.34,20.9,0
75.85,8.22,0
207.03,18.47,0
100.55,13.47,0
249.8,21.19,0
44.43,12.67,0
441.85,12.42,0
67.77,13.87,0
91.71,17.98,0
11.97,23.15,0
23.65,1.77,0
145.08,1.28,0
62.28,22.5,0
360.94,12.72,0
2.96,14.76,0
95.32,11.58,0
82.3,2.25,0
3.9,18.43,0
26.56,17.93,0
106.77,7.48,0
135.8,7.35,0
103.6,20.11,0
151.4,1.74,0
180.84,21.15,0
1.99,6.16,0
124.76,14.23,0
662.08,22.46,0
146.39,16.27,0
226.36,9.95,0
74.75,16.55,0
297.44,8.26,0
296.49,6.65,0
147.33,23.92,0
746.06,18.02,0
26.83,15.47,0
3.42,8.53,0
294.07,1.18,0
329.17,0.75,0
25.61,13.3,0
61.74,18.29,0
3.54,12.9,0
69.43,20.18,0
296.69,0.8,0
145.95,8.8,0
85.57,5.69,0
92.96,10.73,0
0.27,1.74,0
71.28,22.9,0
207.95,5.36,0
731.43,22.14,0
375.54,10.22,0
4.78,23.65,0
457.66,13.3,0
305.75,22.34,0
303.17,0.13,0
122.5,17.96,0
101.5,21.67,0
72.17,3.35,0
13.59,2.31,0
51.82,10.19,0
56.63,22.41,0
132.36,13.02,0
275.22,12.66,0
128.42,3.39,0
11.92,0.02,0
633.02,19.44,0
571.98,2.1,1
307.6,15.21,0
949.53,21.95,0
157.26,5.01,0
658.12,15.97,0
15.72,1.89,0
91.04,14.49,0
51.08,3.93,0
43.59,17.66,0
30.35,7.23,0
194.79,11.12,0
304.03,14.39,0
172.69,4.11,0
31.79,17.8,0
333.33,7.26,0
202.1,15.9,0
98.26,3.8,0
224.25,16.51,0
60.2,3.08,0
84.68,10.21,0
498.96,5.93,1
68.64,17.96,0
126.97,6.29,0
441.71,21.16,0
246.01,21.4,0
12.84,4.71,0
31.87,14.73,0
1.57,2.11,0
199.35,9.4,0
118.72,17.12,0
28.84,15.83,0
633.7,14.99,0
150.86,6.78,0
55.39,9.07,0
138.87,2.47,0
227.65,17.26,0
15.86,12.09,0
64.24,17.01,0
328.98,5.97,0
123.11,7.79,0
158.19,8.02,0
113.41,0.62,0
8.98,8.19,0
36.24,19.28,0
117.95,21.54,0
46.94,12.44,0
10.25,10.93,0
371.13,0.74,0
794.7,21.1,0
315.15,0.31,0
384.54,22.67,0
55.41,11.74,0
646.93,8.21,0
43.86,22.18,0
604.95,0.59,1
1052.56,13.95,0
248.77,13.17,0
794.18,5.26,1
168.58,10.29,0
60.1,15.65,0
114.89,17.45,0
180.06,0.02,0
15.18,22.48,0
194.75,3.95,0
794.54,5.61,1
42.17,6.32,0
314.62,0.91,0
476.97,2.95,1
575.42,23.67,0
644.45,7.57,0
147.4,2.77,0
757.15,2.57,1
283.19,17.27,0
35.27,20.51,0
129.6,6.17,0
253.4,0.5,0
56.83,5.35,0
204.67,1.36,0
219.68,2.48,0
35.51,10.36,0
166.52,5.52,0
295.35,12.38,0
138.19,6.08,0
2.44,22.57,0
1.82,21.74,0
88.33,13.6,0
521.26,8.51,0
51.93,9.15,0
201.22,9.88,0
50.23,17.46,0
77.62,10.84,0
376.83,20.56,0
261.03,22.66,0
20.05,8.06,0
111.97,13.46,0
5.92,2.28,0
131.13,4.81,0
217.2,9.92,0
25.23,4.95,0
68.18,21.04,0
101.45,3.8,0
503.98,10.94,0
999.79,14.54,0
9.19,16.6,0
286.26,9.19,0
92.96,20.86,0
99.67,13.64,0
280.7,10.55,0
501.25,1.61,1
602.9,11.15,0
172.13,19.7,0
88.36,14.75,0
309.81,19.97,0
57.8,11.86,0
166.06,2.84,0
88.81,0.33,0
213.79,7.28,0
54.99,16.75,0
42.54,18.97,0
500.79,7.1,0
21.47,11.9,0
141.03,10.11,0
49.91,9.85,0
7.94,5.55,0
7.34,3.27,0
38.53,4.72,0
403.14,1.33,1
66.39,4.76,0
600.99,0.22,1
174.27,15.05,0
114.76,7.59,0
173.54,23.36,0
145.42,4.65,0
284.41,8.3,0
66.4,8.59,0
87.1,0.2,0
449.04,20.14,0
585.45,0.77,1
446.16,22.56,0
108.76,21.41,0
303.16,12.85,0
129.38,13.05,0
137.65,15.69,0
45.8,9.29,0
178.87,15.53,0
41.19,1.07,0
80.56,1.3,0
386.25,10.97,0
46.41,13.19,0
14.76,21.31,0
14.3,2.51,0
565.31,19.74,0
141.42,5.04,0
105.33,9.46,0
333.07,7.6,0
361.37,9.6,0
80.75,3.61,0
236.58,12.09,0
294.91,19.24,0
212.64,10.6,0
32.88,11.77,0
417.31,20.37,0
154.91,16.95,0
66.39,11.77,0
110.76,6.18,0
7.66,21.24,0
27.36,13.85,0
290.1,5.31,0
0.0,6.46,0
107.76,19.28,0
147.84,1.06,0
11.24,23.81,0
722.96,3.13,1
51.27,19.11,0
72.54,9.47,0
72.46,11.81,0
52.38,21.14,0
0.29,9.91,0
261.38,12.9,0
681.32,1.18,1
50.8,0.06,0
217.56,5.88,0
270.88,16.33,0
377.34,2.91,0
109.85,2.73,0
72.17,9.86,0
78.7,15.55,0
249.39,17.09,0
339.41,4.28,0
40.08,1.91,0
92.71,22.57,0
464.44,6.26,0
328.7,20.48,0
838.06,20.72,0
280.69,18.54,0
99.91,4.05,0
178.63,19.72,0
216.36,18.46,0
16.34,14.32,0
157.27,8.09,0
247.11,6.3,0
36.62,2.93,0
303.4,12.23,0
175.3,14.05,0
608.24,8.62,0
8.67,11.41,0
61.67,8.72,0
184.04,15.38,0
70.35,21.63,0
250.65,3.93,0
284.6,9.15,0
21.63,3.38,0
144.25,15.0,0
142.22,17.49,0
92.18,22.37,0
540.39,6.69,0
351.48,22.81,0
238.94,1.52,0
250.58,14.47,0
123.87,1.37,0
507.65,21.45,0
237.22,12.72,0
261.11,16.06,0
395.65,19.96,0
64.06,3.61,0
329.09,0.93,0
43.44,21.09,0
84.73,7.56,0
81.78,3.1,0
768.18,11.24,0
388.34,14.36,0
241.58,0.74,0
259.7,6.6,0
165.14,0.79,0
587.84,10.09,0
137.14,21.48,0
95.77,23.58,0
35.59,15.29,0
308.55,3.88,0
265.19,21.74,0
97.02,12.39,0
5.1,3.69,0
365.27,22.12,0
2.3,18.18,0
243.28,17.56,0
703.03,17.02,0
115.13,4.81,0
53.57,5.06,0
244.07,16.52,0
339.79,5.27,0
158.12,10.53,0
682.46,18.77,0
10.61,18.81,0
140.56,10.88,0
253.49,19.01,0
397.03,20.13,0
39.51,15.71,0
321.89,5.48,0
160.91,6.58,0
101.02,7.56,0
28.25,2.8,0
400.93,6.56,0
34.22,5.03,0
74.15,10.93,0
68.51,21.8,0
410.23,2.51,1
223.38,17.29,0
318.6,16.49,0
57.66,2.3,0
196.1,22.14,0
169.61,13.64,0
357.75,8.73,0
473.08,18.16,0
2.45,6.18,0
224.18,16.64,0
10.65,0.95,0
159.19,20.15,0
67.83,10.76,0
73.28,15.28,0
87.07,5.31,0
194.2,16.25,0
81.31,18.53,0
263.88,11.36,0
103.68,14.83,0
14.16,10.95,0
306.27,21.46,0
67.31,11.95,0
113.4,20.2,0
231.32,19.23,0
80.83,9.85,0
11.65,5.52,0
93.66,9.75,0
578.09,19.83,0
205.3,5.46,0
222.63,12.59,0
200.09,19.35,0
44.38,8.48,0
108.37,15.41,0
278.01,5.9,0
21.38,2.62,0
65.11,19.07,0
64.68,2.38,0
113.13,6.51,0
786.13,20.52,0
13.98,8.32,0
146.25,23.35,0
39.54,23.51,0
705.87,6.44,0
24.05,0.98,0
103.37,16.92,0
267.79,10.82,0
243.85,2.42,0
109.89,16.98,0
85.09,0.75,0
101.37,20.88,0
61.38,3.33,0
45.97,3.06,0
131.96,4.22,0
62.54,23.05,0
67.78,16.64,0
213.86,19.23,0
691.79,9.54,0
185.09,8.07,0
16.02,5.63,0
15.72,11.54,0
604.92,13.24,0
70.56,15.16,0
19.32,6.17,0
182.78,22.77,0
195.45,4.07,0
209.11,23.18,0
62.23,0.36,0
3.05,11.55,0
670.57,8.0,0
57.77,10.78,0
225.42,13.7,0
245.26,10.45,0
188.33,9.96,0
75.06,17.59,0
63.24,16.46,0
182.1,20.0,0
402.13,6.0,1
586.49,14.63,0
22.39,14.04,0
33.64,8.87,0
579.13,11.67,0
266.77,7.53,0
429.11,3.4,1
45.29,5.13,0
177.15,2.53,0
241.56,16.39,0
227.96,15.86,0
104.9,22.81,0
3.1,17.51,0
174.9,1.25,0
58.37,21.22,0
119.66,20.7,0
632.03,10.64,0
101.84,14.06,0
366.27,23.43,0
41.78,12.78,0
223.23,21.73,0
754.51,1.99,1
21.49,4.59,0
1.67,10.58,0
113.68,14.03,0
19.44,19.59,0
275.97,23.72,0
491.96,9.33,0
113.84,1.14,0
59.87,19.23,0
113.97,14.51,0
257.07,4.77,0
1.82,11.88,0
178.05,17.82,0
190.02,18.49,0
203.05,11.99,0
55.42,7.33,0
250.39,23.37,0
19.17,15.92,0
44.45,9.8,0
419.88,6.73,0
268.43,17.55,0
2.77,5.81,0
57.1,4.12,0
48.26,12.72,0
63.16,6.96,0
56.89,15.09,0
12.91,2.83,0
122.85,15.72,0
263.9,6.8,0
186.65,0.01,0
223.48,3.05,0
16.93,22.41,0
605.2,20.82,0
364.64,5.61,0
327.04,18.68,0
346.3,14.61,0
539.75,23.3,0
157.16,8.97,0
44.7,16.36,0
191.83,1.52,0
271.64,9.51,0
267.82,23.13,0
147.4,12.94,0
14.18,6.91,0
92.76,2.89,0
507.07,16.88,0
175.63,15.48,0
154.58,8.97,0
62.63,22.82,0
91.92,0.53,0
451.42,7.29,0
219.6,22.11,0
309.66,7.7,0
121.15,6.05,0
198.98,12.82,0
57.11,19.77,0
244.47,2.48,0
111.58,22.63,0
116.87,19.08,0
209.58,4.35,0
550.65,17.09,0
13.23,9.24,0
348.3,9.66,0
69.17,18.8,0
117.37,23.11,0
4.43,3.04,0
71.63,10.1,0
139.68,11.54,0
11.56,9.03,0
135.1,8.72,0
523.76,1.25,1
22.27,16.45,0
289.16,10.47,0
105.42,4.68,0
212.94,19.58,0
60.28,19.26,0
34.75,11.67,0
34.98,7.16,0
14.62,15.31,0
41.07,6.92,0
218.26,5.66,0
426.89,17.53,0
336.54,0.97,0
231.12,2.27,0
23.4,0.16,0
68.27,3.67,0
74.16,1.66,0
57.52,23.9,0
144.72,6.93,0
153.38,3.58,0
88.29,5.78,0
87.33,22.47,0
352.7,12.48,0
311.46,8.76,0
73.57,20.96,0
490.19,9.48,0
610.74,8.04,0
79.13,4.97,0
87.52,9.07,0
140.9,7.6,0
566.45,16.26,0
418.01,6.95,0
21.64,13.85,0
99.76,1.58,0
161.21,4.59,0
139.89,9.78,0
43.1,22.49,0
391.54,9.05,0
225.98,15.94,0
363.92,6.12,0
391.47,3.05,0
275.95,1.4,0
115.68,7.33,0
188.6,3.78,0
34.96,4.18,0
223.95,18.26,0
39.51,0.38,0
236.8,13.39,0
52.17,9.11,0
25.01,12.16,0
36.13,13.51,0
0.4,7.52,0
253.69,7.08,0
263.65,17.6,0
144.69,20.91,0
35.2,4.62,0
17.45,2.34,0
3.86,21.55,0
36.24,8.4,0
443.02,13.23,0
55.29,8.63,0
87.48,3.02,0
22.26,14.14,0
50.3,12.6,0
146.47,4.87,0
187.17,10.84,0
56.3,19.13,0
11.89,14.17,0
99.2,2.33,0
53.37,13.15,0
49.58,16.87,0
643.09,19.02,0
191.58,15.1,0
162.78,3.66,0
107.49,17.04,0
112.05,16.26,0
155.7,0.59,0
238.43,9.88,0
242.23,7.99,0
37.67,16.07,0
138.67,5.19,0
106.19,14.18,0
408.86,21.92,0
199.62,19.15,0
152.07,22.11,0
24.52,23.48,0
186.1,0.26,0
24.93,14.95,0
82.26,9.91,0
30.83,20.64,0
235.58,6.04,0
46.2,23.54,0
99.47,14.73,0
452.05,19.04,0
45.71,2.05,0
141.78,4.4,0
108.69,18.2,0
3.66,0.53,0
314.77,19.61,0
14.31,0.33,0
128.59,15.77,0
164.5,8.76,0
198.0,14.68,0
233.36,16.7,0
58.41,8.22,0
2.01,2.59,0
257.07,1.67,0
153.43,14.13,0
361.72,12.5,0
344.51,17.81,0
370.72,12.23,0
132.75,10.14,0
81.18,9.55,0
313.62,0.63,0
120.04,8.05,0
40.53,23.42,0
386.17,20.97,0
428.37,7.91,0
125.59,14.11,0
15.74,20.34,0
98.15,10.59,0
325.46,0.43,0
464.1,1.79,1
45.5,12.25,0
13.86,23.27,0
419.68,16.64,0
98.66,1.7,0
156.07,4.54,0
688.82,18.51,0
13.78,20.19,0
209.01,14.82,0
15.4,15.47,0
94.15,0.68,0
325.74,19.88,0
113.65,18.92,0
1174.37,6.22,0
163.77,17.01,0
77.47,5.16,0
49.72,0.97,0
86.32,4.83,0
93.21,4.29,0
14.24,8.11,0
92.27,10.04,0
124.81,12.2,0
256.56,11.44,0
213.85,6.5,0
246.73,0.7,0
1.68,14.52,0
49.1,9.5,0
216.76,7.17,0
132.33,20.81,0
1.07,17.92,0
326.43,20.59,0
296.39,11.88,0
159.0,3.14,0
13.76,16.71,0
290.93,4.95,0
175.28,10.59,0
304.62,1.56,0
278.66,19.81,0
324.91,3.02,0
145.97,21.67,0
30.24,20.74,0
222.44,11.15,0
193.77,17.86,0
271.16,14.87,0
37.24,19.27,0
43.38,10.36,0
442.2,18.86,0
277.24,11.1,0
477.69,22.58,0
284.36,11.67,0
181.84,11.1,0
212.34,18.84,0
439.88,19.72,0
172.93,13.31,0
200.15,4.32,0
34.03,11.23,0
128.46,23.23,0
252.04,18.07,0
63.2,19.47,0
45.19,0.79,0
75.33,11.23,0
55.28,15.52,0
48.39,19.92,0
110.63,1.18,0
476.84,20.46,0
141.47,13.16,0
41.63,4.74,0
16.02,7.61,0
238.25,6.77,0
96.51,12.74,0
345.0,1.24,0
215.47,3.8,0
318.16,19.5,0
63.48,3.18,0
235.76,5.6,0
61.32,10.88,0
559.6,12.41,0
202.33,18.33,0
78.46,10.74,0
62.81,18.96,0
42.37,14.84,0
237.25,2.71,0
49.36,3.75,0
180.92,10.49,0
61.48,9.53,0
216.92,17.85,0
337.41,13.94,0
301.04,9.32,0
286.13,4.1,0
41.58,5.44,0
18.51,13.81,0
240.1,10.16,0
91.88,12.36,0
113.25,4.1,0
6.33,15.91,0
60.11,20.46,0
6.85,6.19,0
422.7,11.8,0
55.78,23.41,0
162.99,8.0,0
7.95,14.28,0
219.83,2.16,0
78.02,14.54,0
456.4,2.15,1
438.06,23.02,0
78.69,17.18,0
462.45,18.92,0
1112.34,16.9,0
349.07,14.15,0
372.7,10.8,0
57.27,20.6,0
171.94,22.96,0
13.92,11.98,0
19.95,22.36,0
1361.15,14.0,0
79.09,12.92,0
275.81,10.91,0
328.67,5.02,0
390.42,0.09,0
1208.83,5.8,1
55.28,12.23,0
8.24,9.12,0
105.93,10.76,0
27.87,23.54,0
4.54,8.41,0
89.39,10.85,0
306.25,3.2,0
167.03,1.15,0
75.02,18.61,0
212.46,13.7,0
52.8,18.26,0
2.9,3.6,0
289.08,13.72,0
195.5,6.09,0
287.35,5.47,0
7.94,0.28,0
362.95,3.13,0
193.27,7.42,0
165.75,2.81,0
195.96,23.66,0
399.66,7.41,0
176.83,3.13,0
173.95,4.78,0
935.1,14.1,0
282.72,1.54,0
116.78,20.7,0
245.79,23.08,0
98.61,5.92,0
51.98,10.8,0
181.69,0.53,0
526.72,15.38,0
529.41,9.93,0
83.68,6.48,0
150.02,4.96,0
47.56,15.7,0
1086.65,9.99,0
793.91,4.31,1
209.68,16.54,0
326.35,13.56,0
251.12,20.61,0
179.87,2.82,0
10.96,18.86,0
121.31,16.16,0
224.65,2.76,0
226.35,16.68,0
93.4,10.6,0
568.4,22.68,0
36.63,3.4,0
138.77,15.43,0
234.81,9.17,0
238.89,22.96,0
209.19,7.92,0
64.4,23.09,0
33.97,21.64,0
202.09,6.49,0
182.91,19.29,0
39.53,23.89,0
244.25,6.06,0
121.46,10.48,0
220.38,12.48,0
363.25,7.08,0
37.2,0.37,0
3.87,5.28,0
302.01,6.77,0
188.17,10.65,0
240.55,4.11,0
364.22,20.96,0
324.72,16.92,0
648.43,2.04,1
153.55,15.6,0
134.08,15.69,0
102.8,22.95,0
33.37,0.07,0
170.01,5.95,0
64.87,22.27,0
508.44,22.37,0
175.03,17.29,0
179.71,18.38,0
87.68,2.2,0
10.68,12.33,0
6.45,5.56,0
110.1,4.35,0
17.67,19.45,0
186.71,3.24,0
425.68,11.25,0
428.97,22.53,0
215.2,4.46,0
47.46,23.47,0
397.55,23.86,0
434.48,13.33,0
43.79,4.08,0
267.44,7.59,0
67.52,10.19,0
324.55,7.42,0
1178.35,6.74,0
6.1,23.33,0
455.32,3.68,1
194.91,17.6,0
725.24,0.01,1
125.1,14.31,0
375.97,21.98,0
12.89,6.91,0
81.68,4.45,0
13.87,15.64,0
740.54,17.1,0
339.63,16.51,0
382.85,7.66,0
556.01,6.05,0
17.79,22.94,0
97.42,22.16,0
14.74,10.98,0
47.35,20.31,0
52.11,10.86,0
126.64,10.19,0
62.55,3.76,0
21.29,10.23,0
36.66,12.9,0
31.86,0.54,0
722.95,10.66,0
284.83,18.75,0
686.92,16.32,0
115.87,15.24,0
65.25,21.83,0
320.19,0.43,0
78.98,13.37,0
71.16,18.9,0
52.92,12.99,0
27.78,7.77,0
59.27,3.27,0
87.8,21.3,0
224.17,11.3,0
12.92,21.07,0
47.27,14.06,0
331.12,16.18,0
31.78,19.3,0
83.91,15.82,0
399.99,9.55,0
33.67,12.33,0
17.27,19.27,0
132.54,8.97,0
72.03,9.31,0
165.75,2.3,0
325.73,21.95,0
29.5,2.18,0
173.83,15.56,0
140.85,9.92,0
31.12,9.73,0
195.63,16.31,0
63.94,1.61,0
133.82,14.25,0
17.17,18.53,0
123.08,19.88,0
73.19,4.09,0
345.62,21.54,0
11.73,15.75,0
108.47,21.16,0
122.66,11.65,0
258.2,13.01,0
170.8,22.06,0
220.05,21.6,0
300.16,10.76,0
396.39,6.59,0
75.34,9.44,0
154.45,9.31,0
366.65,6.88,0
910.35,6.45,0
440.58,20.67,0
92.87,1.68,0
43.42,16.26,0
134.43,4.15,0
270.68,8.27,0
135.68,1.48,0
132.01,6.48,0
364.32,18.44,0
89.7,21.24,0
392.93,5.32,0
104.45,11.13,0
79.57,11.29,0
121.02,20.97,0
287.47,18.31,0
26.94,12.31,0
43.74,16.1,0
605.01,20.34,0
38.59,0.23,0
167.74,9.67,0
173.17,21.77,0
134.52,17.77,0
206.98,13.03,0
52.23,12.71,0
160.89,8.35,0
93.1,12.49,0
216.75,15.73,0
30.45,10.04,0
169.2,17.14,0
40.98,20.67,0
65.32,3.71,0
49.36,10.84,0
40.38,9.79,0
349.41,16.5,0
67.29,6.0,0
523.8,15.37,0
700.82,21.06,0
169.38,10.04,0
30.86,21.86,0
93.86,23.84,0
319.63,2.55,0
91.58,5.59,0
18.21,22.81,0
162.74,23.0,0
373.02,2.34,0
317.85,0.36,0
38.5,3.87,0
223.42,23.9,0
49.82,4.32,0
49.23,12.06,0
414.41,20.36,0
57.45,0.49,0
61.1,14.51,0
0.13,6.65,0
409.08,20.7,0
314.62,6.8,0
197.41,16.48,0
277.47,16.18,0
32.99,5.32,0
122.62,0.84,0
86.53,9.82,0
19.69,6.94,0
133.16,19.42,0
507.0,19.21,0
8.18,10.97,0
68.91,14.56,0
46.52,14.5,0
54.4,19.85,0
478.14,10.2,0
126.25,6.61,0
125.58,6.36,0
285.9,12.87,0
33.56,10.78,0
133.6,10.56,0
112.42,2.19,0
181.72,17.25,0
1544.71,5.13,1
293.46,4.73,0
101.45,9.91,0
351.53,5.47,0
37.44,14.01,0
6.19,8.92,0
45.74,10.77,0
83.23,12.89,0
142.91,4.88,0
190.97,3.74,0
482.94,21.13,0
142.61,10.41,0
139.14,9.89,0
10.31,0.85,0
7.11,11.95,0
160.22,13.3,0
115.31,13.41,0
365.49,16.97,0
35.03,4.26,0
5.06,6.05,0
119.22,19.46,0
54.22,22.73,0
10.18,3.26,0
257.9,11.94,0
23.67,5.14,0
187.46,1.44,0
65.99,7.81,0
38.11,3.45,0
95.53,17.04,0
323.34,12.81,0
99.55,3.45,0
277.88,0.22,0
26.82,19.4,0
296.36,4.23,0
54.08,14.55,0
226.26,8.09,0
166.84,14.05,0
529.42,7.58,0
97.98,2.09,0
13.69,5.35,0
3.87,4.51,0
350.73,10.27,0
148.78,15.8,0
298.55,6.33,0
53.43,0.29,0
84.65,12.45,0
6.11,14.54,0
651.38,23.11,0
220.44,14.15,0
541.23,11.31,0
61.71,13.76,0
189.07,22.27,0
226.95,19.88,0
76.41,7.75,0
376.92,5.69,0
588.1,6.3,0
432.31,12.11,0
268.7,17.86,0
65.0,12.08,0
66.15,1.63,0
661.32,17.37,0
2.07,19.34,0
251.79,6.95,0
245.0,15.94,0
194.94,10.24,0
923.22,21.34,0
74.76,20.29,0
83.09,12.61,0
16.45,16.6,0
116.97,21.2,0
60.5,11.9,0
84.13,7.52,0
359.84,18.09,0
548.17,5.28,1
41.09,9.32,0
93.21,20.78,0
527.98,17.39,0
12.76,9.69,0
19.38,5.15,0
35.54,8.54,0
180.88,6.82,0
32.61,4.23,0
688.88,17.84,0
118.38,6.05,0
139.24,10.9,0
56.65,9.26,0
127.34,23.57,0
216.89,9.39,0
278.2,1.92,0
280.38,2.16,0
172.5,14.18,0
469.43,14.38,0
340.1,10.05,0
282.98,10.36,0
11.44,1.29,0
1.38,12.4,0
47.76,12.11,0
217.85,3.59,0
105.93,2.49,0
102.97,2.97,0
431.85,2.42,1
451.83,14.63,0
479.76,4.72,1
75.34,6.03,0
234.92,4.17,0
63.39,22.99,0
42.29,20.51,0
40.82,5.53,0
83.74,7.86,0
112.41,5.04,0
355.51,11.81,0
25.54,0.47,0
265.55,16.11,0
151.62,12.56,0
67.92,21.57,0
135.78,3.95,0
71.32,19.3,0
181.31,19.01,0
113.78,3.05,0
35.92,9.57,0
24.79,4.08,0
158.24,6.11,0
465.4,6.32,0
84.31,13.35,0
264.1,9.87,0
214.98,22.75,0
536.34,3.03,1
344.05,23.37,0
167.22,5.54,0
214.02,18.55,0
457.32,8.14,0
102.0,3.43,0
79.14,20.59,0
2.17,7.41,0
350.37,15.81,0
322.87,13.59,0
22.06,11.32,0
172.01,11.9,0
124.72,17.57,0
25.27,2.11,0
788.17,16.04,0
48.34,21.5,0
13.92,1.39,0
180.7,3.38,0
268.54,17.2,0
6.6,10.49,0
215.01,9.69,0
151.98,3.29,0
21.8,12.16,0
37.88,3.04,0
167.85,11.44,0
70.3,18.33,0
557.15,6.2,0
341.56,11.54,0
821.7,23.81,0
60.13,16.48,0
699.48,20.19,0
112.86,9.96,0
85.39,18.43,0
10.33,0.97,0
10.84,2.95,0
235.54,4.87,0
122.47,9.65,0
51.37,20.3,0
190.37,8.31,0
58.3,15.71,0
172.38,17.02,0
89.01,14.07,0
346.95,8.57,0
343.73,13.85,0
129.77,8.21,0
86.41,2.01,0
90.06,23.83,0
327.69,3.05,0
79.55,1.74,0
46.91,21.08,0
17.7,7.24,0
125.73,15.61,0
131.61,7.9,0
367.66,9.39,0
50.01,6.29,0
95.93,8.23,0
330.48,9.86,0
347.03,17.29,0
97.1,12.28,0
122.91,22.65,0
72.28,1.01,0
539.29,12.07,0
25.26,14.02,0
542.86,22.08,0
230.32,1.18,0
151.67,13.76,0
6.64,20.49,0
129.1,5.81,0
104.76,21.03,0
35.16,0.46,0
213.66,17.58,0
709.14,22.39,0
165.19,15.77,0
250.88,10.54,0
14.18,1.08,0
108.14,22.08,0
24.74,11.29,0
189.76,0.7,0
557.69,16.56,0
216.81,11.56,0
15.98,2.98,0
87.6,5.14,0
160.0,1.55,0
103.24,13.78,0
358.73,14.93,0
337.12,12.14,0
189.26,19.61,0
93.51,20.66,0
58.96,14.77,0
22.38,0.31,0
87.67,16.69,0
106.6,10.03,0
225.29,13.57,0
214.68,15.58,0
14.54,8.41,0
100.59,22.01,0
40.12,3.22,0
34.11,16.12,0
351.24,0.1,0
8.56,22.19,0
108.66,2.7,0
36.83,2.28,0
422.94,7.99,0
162.86,8.97,0
52.63,5.14,0
139.6,14.04,0
262.97,10.63,0
634.58,0.82,1
49.81,7.67,0
434.63,19.45,0
544.54,16.55,0
496.39,17.4,0
201.8,16.75,0
198.75,7.46,0
103.24,2.39,0
279.19,6.54,0
151.56,19.96,0
226.29,23.53,0
111.88,11.85,0
262.98,0.23,0
347.99,3.36,0
31.67,7.73,0
357.87,13.89,0
155.43,1.8,0
372.44,22.64,0
112.88,8.76,0
95.3,21.9,0
493.16,18.73,0
57.85,18.13,0
371.85,14.56,0
132.34,15.04,0
144.35,15.31,0
73.77,15.09,0
170.21,13.29,0
78.67,23.67,0
8.01,17.57,0
63.49,18.65,0
1.28,20.94,0
766.59,5.18,1
674.8,2.01,1
100.56,11.59,0
260.66,12.34,0
84.87,19.9,0
222.4,10.65,0
327.39,13.7,0
586.57,12.65,0
102.24,0.92,0
305.85,14.77,0
61.83,19.87,0
927.79,3.78,1
5.22,14.26,0
185.03,14.25,0
215.47,3.94,0
232.98,2.96,0
25.65,23.52,0
557.84,9.45,0
39.98,5.46,0
194.97,4.11,0
50.38,16.02,0
73.41,14.63,0
158.13,15.45,0
107.98,2.11,0
34.92,21.44,0
37.49,9.34,0
108.31,7.52,0
283.17,11.1,0
456.49,9.36,0
17.58,20.73,0
99.88,22.3,0
21.13,7.28,0
3.35,20.73,0
216.78,18.76,0
184.49,22.34,0
35.59,5.9,0
53.27,13.85,0
4.8,6.59,0
360.3,19.78,0
735.32,0.13,1
29.11,13.56,0
52.66,8.14,0
405.61,7.74,0
522.0,15.48,0
108.82,20.44,0
10.39,14.62,0
8.04,20.48,0
170.64,6.35,0
99.81,12.47,0
5.81,10.81,0
175.05,0.28,0
2.27,13.36,0
309.64,15.88,0
73.18,14.21,0
8.22,17.67,0
177.52,13.71,0
101.39,1.6,0
728.4,2.79,1
157.14,14.32,0
64.38,6.6,0
247.19,1.91,0
63.35,10.31,0
469.19,13.3,0
93.91,7.89,0
159.64,17.29,0
10.38,15.45,0
111.07,7.99,0
357.19,18.12,0
327.62,15.57,0
50.8,15.3,0
51.26,13.28,0
339.99,0.27,0
532.99,16.72,0
20.04,9.03,0
119.59,22.62,0
82.33,19.63,0
409.11,14.1,0
17.44,6.05,0
47.43,4.89,0
279.24,8.17,0
10.53,11.44,0
135.67,7.11,0
116.72,12.36,0
81.41,3.97,0
100.36,23.47,0
150.98,2.59,0
35.2,22.37,0
169.72,21.93,0
327.4,12.61,0
285.56,17.4,0
33.42,10.47,0
32.33,15.12,0
62.44,8.17,0
89.59,7.23,0
105.0,13.88,0
227.7,11.96,0
11.67,13.91,0
7.06,6.88,0
99.49,8.81,0
238.91,2.01,0
42.99,1.25,0
205.17,6.08,0
60.17,1.78,0
434.46,2.49,1
452.08,19.51,0
70.56,0.93,0
52.27,15.81,0
105.97,6.54,0
55.03,20.92,0
223.18,11.64,0
349.81,7.33,0
223.62,12.42,0
347.85,9.17,0
101.17,13.54,0
34.0,2.75,0
267.84,23.93,0
89.41,10.21,0
222.5,8.36,0
63.12,17.05,0
16.94,8.73,0
980.76,20.0,0
33.97,10.9,0
891.71,17.27,0
756.9,2.58,1
315.8,20.31,0
215.42,17.66,0
172.46,5.08,0
402.13,3.49,1
68.34,7.59,0
126.1,23.43,0
193.2,6.16,0
105.93,10.95,0
111.54,0.72,0
80.18,9.53,0
166.13,13.71,0
380.19,22.87,0
45.01,12.4,0
544.94,19.66,0
233.65,13.13,0
346.63,0.98,0
162.47,7.56,0
302.39,13.81,0
3.27,22.81,0
341.17,20.62,0
8.19,5.48,0
441.3,5.28,1
964.73,4.83,1
69.65,22.14,0
47.23,20.46,0
289.94,18.6,0
58.35,9.43,0
401.33,12.11,0
21.7,11.14,0
26.92,6.08,0
774.1,12.12,0
224.07,0.73,0
375.32,3.16,0
78.41,21.28,0
225.7,18.04,0
180.4,10.15,0
184.84,12.41,0
229.48,8.88,0
171.3,17.78,0
112.1,18.82,0
64.57,18.32,0
292.71,17.34,0
51.31,4.91,0
235.76,8.11,0
53.14,11.28,0
196.34,7.94,0
274.94,18.12,0
49.36,7.9,0
12.36,3.32,0
28.08,9.58,0
186.28,23.52,0
378.69,5.42,0
9.21,14.69,0
264.97,10.39,0
83.5,1.7,0
130.22,11.71,0
528.62,16.85,0
80.68,12.32,0
125.22,20.93,0
2.76,6.93,0
17.02,2.07,0
59.84,22.48,0
5.65,9.08,0
199.6,13.83,0
111.16,19.01,0
158.88,7.78,0
38.39,17.19,0
70.18,3.25,0
218.02,6.99,0
672.22,3.47,1
10.35,19.47,0
442.15,5.34,1
172.02,17.22,0
165.99,22.64,0
138.74,12.67,0
14.38,12.96,0
18.84,11.06,0
183.71,7.82,0
83.39,11.42,0
498.43,14.47,0
104.37,23.66,0
30.93,22.51,0
250.86,20.69,0
69.44,21.34,0
149.09,11.23,0
239.35,15.78,0
461.05,21.48,0
314.23,9.43,0
225.63,23.08,0
227.66,9.98,0
583.48,14.43,0
70.15,17.04,0
0.22,22.81,0
63.48,5.87,0
49.15,17.91,0
216.84,12.5,0
200.87,6.45,0
180.02,18.64,0
3.28,13.25,0
260.96,15.86,0
78.17,7.75,0
218.76,11.55,0
162.65,14.82,0
83.93,9.72,0
28.91,4.76,0
19.84,23.08,0
356.19,12.28,0
501.18,17.61,0
209.84,9.87,0
21.84,8.52,0
102.84,9.77,0
261.08,9.82,0
302.66,13.06,0
25.16,13.04,0
0.01,11.93,0
249.05,3.23,0
88.2,11.91,0
58.74,4.06,0
2.6,3.03,0
155.44,22.38,0
380.96,14.52,0
632.27,15.83,0
166.82,9.64,0
144.5,21.82,0
17.78,15.31,0
159.2,18.46,0
95.6,8.85,0
186.86,23.04,0
98.44,19.69,0
54.97,20.49,0
19.96,4.13,0
75.64,6.5,0
20.33,6.86,0
38.93,6.5,0
873.8,20.53,0
117.43,0.77,0
151.8,1.83,0
413.69,6.57,0
1083.82,4.8,1
174.8,5.56,0
334.77,19.15,0
79.18,13.52,0
72.98,0.14,0
103.07,10.3,0
223.26,9.79,0
229.26,2.73,0
75.74,16.23,0
28.59,16.85,0
200.15,17.3,0
27.47,17.48,0
172.78,0.0,0
236.46,22.89,0
241.2,19.54,0
280.06,21.7,0
412.49,0.38,1
138.61,22.41,0
262.05,19.43,0
193.08,20.09,0
41.32,2.24,0
5.21,17.73,0
66.97,23.04,0
117.05,16.29,0
192.0,13.69,0
379.37,22.7,0
43.69,10.63,0
26.83,14.38,0
661.98,11.43,0
22.87,22.39,0
130.21,1.83,0
176.17,12.03,0
155.9,16.49,0
17.99,19.01,0
11.74,13.99,0
22.29,21.81,0
176.18,22.61,0
157.2,1.54,0
53.25,9.66,0
203.1,0.56,0
343.03,7.91,0
8.49,12.88,0
137.88,21.86,0
233.79,20.32,0
58.15,3.06,0
73.57,2.23,0
190.2,14.14,0
456.43,12.77,0
332.07,6.39,0
175.0,21.59,0
262.03,22.26,0
90.77,9.66,0
204.87,21.37,0
125.54,9.21,0
42.13,17.68,0
241.96,11.42,0
162.6,2.94,0
88.83,22.27,0
484.59,10.9,0
4.23,17.63,0
75.89,8.81,0
11.71,0.45,0
290.94,2.41,0
242.2,11.91,0
80.5,16.56,0
225.19,8.03,0
100.82,16.69,0
282.33,16.77,0
121.09,16.89,0
106.3,11.82,0
545.84,21.96,0
57.77,11.74,0
25.67,10.81,0
175.68,4.79,0
696.84,7.38,0
94.91,1.02,0
12.81,15.2,0
82.89,5.96,0
141.02,7.3,0
35.33,18.5,0
214.65,7.85,0
1219.31,5.81,1
120.2,4.06,0
87.62,18.6,0
102.4,3.11,0
24.47,10.89,0
429.58,12.17,0
107.17,16.5,0
97.97,15.2,0
215.58,19.46,0
116.69,1.07,0
208.96,7.11,0
12.68,6.72,0
336.1,3.5,0
564.37,6.94,0
209.26,7.43,0
618.3,12.53,0
32.84,15.93,0
129.79,9.15,0
184.16,17.27,0
174.33,8.07,0
102.65,6.97,0
82.52,12.99,0
27.12,0.57,0
99.43,1.91,0
35.51,10.03,0
265.13,22.63,0
46.85,17.32,0
12.07,2.12,0
160.76,20.31,0
180.89,17.58,0
411.01,14.66,0
172.07,19.69,0
84.77,9.7,0
324.92,5.32,0
155.43,12.29,0
16.52,13.17,0
166.87,12.92,0
477.23,13.56,0
100.94,22.77,0
70.29,21.65,0
30.97,21.02,0
32.84,19.23,0
113.4,22.64,0
181.11,2.36,0
16.81,6.36,0
561.25,11.88,0
281.41,20.32,0
176.68,12.12,0
352.56,17.95,0
16.72,3.34,0
129.57,6.06,0
198.9,17.56,0
352.81,3.95,0
306.0,8.43,0
64.89,6.36,0
565.64,8.4,0
26.56,17.0,0
416.1,8.83,0
707.68,13.33,0
39.0,2.4,0
256.07,19.32,0
8.22,8.88,0
103.98,15.56,0
145.25,17.41,0
173.81,5.03,0
549.58,21.23,0
223.1,14.79,0
131.28,10.29,0
331.8,4.38,0
601.29,22.62,0
4.46,18.12,0
809.35,4.99,1
18.01,8.11,0
336.82,19.43,0
65.79,16.7,0
28.35,18.38,0
115.91,10.59,0
206.54,17.2,0
95.91,9.28,0
11.22,5.07,0
182.99,15.18,0
465.38,23.42,0
96.65,7.45,0
48.75,11.06,0
116.89,16.18,0
9.91,13.0,0
343.5,20.24,0
350.13,18.28,0
177.35,1.4,0
87.11,23.96,0
321.67,18.06,0
161.8,20.73,0
349.66,15.63,0
199.64,20.55,0
306.87,2.7,0
182.54,8.35,0
106.94,21.03,0
633.76,4.84,1
155.79,1.88,0
185.82,18.91,0
49.82,20.05,0
196.51,3.9,0
169.54,20.5,0
40.87,16.48,0
12.29,12.48,0
185.45,19.93,0
288.52,10.06,0
148.22,4.66,0
51.44,6.84,0
219.64,12.12,0
16.7,12.75,0
116.62,19.33,0
35.67,18.99,0
40.78,13.95,0
45.2,18.74,0
97.78,4.6,0
10.5,1.2,0
101.43,20.97,0
143.37,1.81,0
132.06,5.92,0
96.51,16.69,0
365.45,9.83,0
31.41,21.03,0
140.92,7.15,0
12.81,0.28,0
14.76,7.22,0
170.6,13.87,0
166.95,9.02,0
420.8,12.84,0
163.23,21.04,0
642.73,21.9,0
9.98,6.38,0
20.63,11.09,0
9.01,13.18,0
40.98,22.78,0
155.86,23.97,0
207.45,5.65,0
9.33,17.45,0
583.65,9.07,0
369.24,0.19,0
70.37,0.22,0
16.07,11.05,0
37.24,11.72,0
27.15,0.54,0
26.31,16.49,0
146.2,7.06,0
56.43,13.44,0
88.68,7.22,0
911.38,4.01,1
230.6,9.77,0
595.11,5.57,1
30.76,12.84,0
96.3,4.77,0
161.82,12.2,0
15.97,3.78,0
0.84,16.1,0
222.0,18.09,0
205.34,2.65,0
105.79,11.23,0
134.53,1.7,0
107.38,14.36,0
4.86,6.35,0
81.71,12.66,0
38.98,12.42,0
20.72,22.18,0
628.01,13.18,0
182.94,13.99,0
260.87,9.64,0
75.77,22.78,0
99.89,18.65,0
54.08,6.85,0
20.4,20.26,0
39.45,10.38,0
319.42,19.89,0
226.36,19.75,0
158.34,4.53,0
128.91,16.83,0
511.33,6.98,0
15.1,7.14,0
65.87,7.11,0
86.14,17.41,0
305.04,5.52,0
978.96,0.02,1
55.06,17.17,0
414.78,4.11,1
355.13,2.51,0
50.89,5.7,0
101.94,9.12,0
105.42,11.42,0
765.36,1.07,1
39.91,23.29,0
321.05,17.19,0
81.35,7.76,0
262.51,7.65,0
108.95,10.77,0
172.72,15.03,0
357.49,3.51,0
326.1,4.53,0
402.62,20.63,0
12.29,6.15,0
235.56,9.12,0
30.16,20.91,0
107.51,15.92,0
159.08,8.2,0
103.08,16.41,0
146.63,0.47,0
1132.51,17.66,0
29.06,11.69,0
225.07,19.52,0
100.84,22.91,0
28.55,22.22,0
34.57,21.82,0
596.26,12.29,0
423.39,8.64,0
475.12,11.16,0
954.31,16.56,0
46.72,21.22,0
87.84,4.97,0
221.26,22.04,0
132.25,19.56,0
108.39,23.49,0
88.57,21.13,0
180.17,6.72,0
171.41,2.54,0
35.22,2.69,0
127.63,6.99,0
161.25,14.74,0
168.93,19.3,0
47.17,21.58,0
271.17,14.97,0
5.1,0.14,0
87.65,4.47,0
303.02,2.39,0
165.97,8.72,0
60.54,12.03,0
237.46,1.04,0
167.58,8.36,0
318.17,4.3,0
265.62,15.53,0
188.38,11.14,0
133.96,11.89,0
28.59,10.26,0
60.58,22.94,0
108.64,5.15,0
182.91,12.4,0
144.19,17.66,0
67.99,13.36,0
1.3,22.3,0
137.13,9.07,0
67.27,11.13,0
265.31,2.12,0
4.85,14.62,0
175.81,6.92,0
567.66,3.85,1
38.33,13.07,0
127.6,12.78,0
19.17,1.82,0
196.53,16.76,0
159.94,14.97,0
104.64,4.54,0
147.37,11.27,0
453.78,17.29,0
43.7,12.71,0
4.56,9.49,0
395.62,7.74,0
172.13,14.65,0
442.66,22.54,0
181.74,16.12,0
332.32,1.79,0
112.31,11.06,0
277.15,21.38,0
488.46,2.27,1
169.78,23.73,0
39.88,22.78,0
62.61,1.88,0
44.29,22.4,0
56.7,8.72,0
73.18,20.27,0
162.0,10.04,0
177.34,10.58,0
111.2,15.22,0
191.12,18.59,0
17.02,0.81,0
18.38,14.24,0
37.71,4.48,0
145.99,8.3,0
48.16,8.35,0
66.62,11.26,0
102.27,8.02,0
334.12,2.58,0
2.79,3.5,0
209.61,0.8,0
221.05,11.29,0
320.55,22.91,0
539.88,2.78,1
4.07,22.71,0
33.4,17.6,0
434.61,15.3,0
122.69,15.49,0
166.29,19.84,0
217.55,2.57,0
227.3,12.11,0
536.89,16.73,0
1158.48,14.08,0
254.71,19.99,0
67.72,1.73,0
423.64,16.58,0
10.09,12.82,0
52.55,9.1,0
455.36,8.17,0
59.19,14.9,0
49.86,21.38,0
29.73,11.91,0
391.96,19.79,0
138.65,9.65,0
224.72,2.46,0
54.64,1.48,0
283.8,1.23,0
285.43,9.12,0
74.97,8.09,0
105.76,17.23,0
47.07,17.83,0
750.67,1.22,1
207.47,5.31,0
545.28,6.58,0
72.3,13.14,0
304.55,3.47,0
290.37,3.21,0
235.31,22.65,0
674.17,19.3,0
100.03,4.34,0
28.02,9.76,0
222.77,8.53,0
261.36,18.98,0
171.16,12.25,0
46.34,3.07,0
140.42,17.74,0
74.85,9.53,0
111.54,6.31,0
207.25,9.01,0
273.47,11.95,0
52.85,8.23,0
103.95,5.81,0
62.71,9.56,0
44.29,0.46,0
305.93,18.54,0
479.94,4.1,1
92.48,1.05,0
278.28,15.69,0
454.6,18.57,0
374.32,19.53,0
40.38,11.84,0
626.04,4.93,1
94.54,17.69,0
82.87,16.79,0
12.89,5.91,0
133.17,21.68,0
23.09,2.5,0
57.15,23.58,0
76.24,20.65,0
330.91,16.51,0
416.67,22.53,0
72.04,17.34,0
391.37,4.57,0
389.31,10.61,0
289.34,1.72,0
31.73,9.35,0
234.44,17.8,0
580.17,9.27,0
229.48,7.93,0
80.58,14.29,0
138.86,20.93,0
207.54,1.14,0
142.9,9.25,0
25.56,3.8,0
74.81,16.69,0
324.3,2.54,0
395.26,15.96,0
29.54,6.87,0
608.93,4.77,1
79.74,22.47,0
217.13,0.44,0
278.72,10.51,0
334.21,0.52,0
582.83,11.61,0
75.06,12.03,0
391.1,7.72,0
28.24,3.17,0
244.18,9.03,0
270.94,16.13,0
226.47,18.78,0
58.15,12.74,0
412.78,14.16,0
36.99,4.81,0
11.03,6.9,0
252.79,3.89,0
129.05,5.98,0
378.22,5.4,0
96.71,12.47,0
36.85,13.5,0
362.12,22.68,0
159.22,4.69,0
41.95,15.4,0
254.87,19.61,0
143.13,13.45,0
185.43,6.12,0
123.57,6.3,0
352.88,0.94,0
353.88,7.33,0
247.15,17.87,0
22.28,1.14,0
365.09,5.26,0
222.35,16.95,0
238.82,18.78,0
90.19,10.93,0
422.86,16.75,0
258.47,9.31,0
23.89,3.84,0
104.77,9.56,0
434.98,13.92,0
9.67,22.75,0
650.99,1.65,1
227.36,12.18,0
199.6,7.89,0
63.1,12.2,0
57.21,0.58,0
569.66,7.51,0
70.84,19.68,0
298.78,13.29,0
99.89,10.81,0
29.99,6.85,0
2.15,7.15,0
157.17,9.19,0
744.11,20.05,0
92.13,23.21,0
88.38,10.53,0
84.35,9.44,0
147.02,20.32,0
116.2,10.25,0
423.91,13.25,0
140.85,5.54,0
141.76,17.84,0
29.79,12.77,0
811.87,19.42,0
57.53,18.74,0
15.24,5.16,0
217.62,17.18,0
180.95,19.2,0
107.28,8.31,0
109.7,4.14,0
307.48,0.06,0
43.56,10.82,0
343.24,8.46,0
209.25,13.32,0
108.59,4.51,0
122.51,20.63,0
59.32,6.19,0
278.96,5.43,0
143.85,11.54,0
77.38,11.97,0
181.29,5.16,0
1091.44,6.52,0
114.28,4.07,0
506.88,17.24,0
84.63,18.48,0
11.26,11.1,0
45.69,17.14,0
108.5,17.66,0
49.6,3.32,0
0.05,23.19,0
493.02,19.7,0
371.43,4.91,0
271.19,4.47,0
36.74,3.02,0
25.65,3.32,0
14.0,17.96,0
257.49,11.27,0
528.47,18.79,0
112.61,17.91,0
25.37,14.51,0
143.65,16.47,0
85.8,0.44,0
93.94,7.48,0
194.22,15.31,0
253.68,0.22,0
23.44,0.79,0
7.25,20.45,0
1034.52,16.42,0
52.98,6.37,0
11.07,16.51,0
42.11,19.02,0
7.95,7.36,0
99.45,0.86,0
324.3,22.39,0
83.48,8.28,0
117.46,2.56,0
225.15,11.8,0
142.22,18.44,0
395.3,5.32,0
402.04,6.47,0
1.99,5.83,0
301.06,23.8,0
123.51,4.74,0
899.09,13.81,0
132.03,22.21,0
866.97,3.53,1
280.95,23.3,0
57.16,22.74,0
154.61,21.23,0
969.08,5.15,1
389.73,15.22,0
20.49,18.26,0
245.09,23.66,0
84.8,4.33,0
1.4,18.38,0
103.33,8.13,0
53.51,4.22,0
341.71,10.11,0
82.3,19.05,0
351.5,11.16,0
0.12,12.9,0
73.58,23.88,0
55.19,9.58,0
53.2,14.77,0
14.12,8.77,0
41.44,9.43,0
162.18,16.7,0
68.88,22.51,0
108.05,13.02,0
94.6,18.44,0
417.34,2.14,1
471.41,5.07,1
135.83,12.05,0
80.14,0.48,0
22.59,6.07,0
613.24,12.42,0
12.42,0.36,0
70.66,6.35,0
70.78,12.34,0
77.25,13.76,0
35.89,22.22,0
305.72,15.49,0
26.14,9.95,0
201.52,22.33,0
26.44,18.84,0
14.63,4.8,0
480.33,3.14,1
42.18,16.22,0
344.35,13.44,0
157.33,18.95,0
16.21,17.73,0
622.22,15.01,0
56.73,23.67,0
392.72,12.81,0
36.98,2.71,0
384.75,19.88,0
2.66,6.04,0
143.4,18.66,0
293.45,22.97,0
546.05,16.72,0
479.82,14.3,0
342.54,11.05,0
438.19,8.75,0
44.43,8.47,0
66.87,15.27,0
68.21,18.03,0
94.66,16.28,0
99.95,4.76,0
157.3,11.86,0
34.84,19.0,0
235.04,11.42,0
36.68,12.88,0
74.3,18.51,0
139.97,15.87,0
318.36,9.82,0
269.01,21.49,0
207.43,3.9,0
33.87,23.89,0
158.39,2.85,0
18.3,0.36,0
94.76,21.36,0
106.72,5.88,0
8.13,17.51,0
64.04,19.46,0
623.13,20.62,0
614.23,23.8,0
86.87,7.06,0
8.81,17.05,0
39.47,2.77,0
99.59,9.76,0
590.46,20.35,0
30.44,8.82,0
288.37,14.19,0
23.01,12.09,0
795.39,15.5,0
96.13,23.35,0
298.54,1.34,0
83.89,13.78,0
197.59,20.71,0
42.64,11.55,0
31.57,1.88,0
556.33,13.45,0
499.35,7.97,0
436.91,3.72,1
196.4,20.38,0
330.33,12.52,0
14.31,22.4,0
81.53,19.34,0
75.29,16.63,0
201.93,0.12,0
88.0,10.27,0
32.15,4.74,0
181.5,21.86,0
336.81,4.19,0
96.29,6.87,0
28.37,12.4,0
43.8,6.32,0
54.23,5.04,0
71.31,14.38,0
205.89,2.13,0
183.73,1.4,0
238.2,8.93,0
90.04,17.3,0
347.45,13.32,0
45.65,10.15,0
126.61,13.58,0
322.83,8.77,0
39.73,22.47,0
23.28,1.32,0
430.29,16.16,0
83.99,21.39,0
230.32,19.29,0
5.14,4.42,0
234.27,7.1,0
75.99,17.21,0
11.47,2.02,0
188.23,19.48,0
55.1,17.25,0
97.82,17.51,0
16.8,2.41,0
31.84,17.23,0
70.76,16.32,0
18.81,19.94,0
483.43,1.0,1
1.21,0.55,0
132.28,8.95,0
26.31,3.57,0
73.54,13.4,0
520.9,22.02,0
35.27,9.4,0
675.3,20.28,0
46.08,0.01,0
270.62,4.04,0
158.23,0.73,0
431.66,7.88,0
161.48,21.8,0
152.95,2.33,0
43.5,14.55,0
36.36,10.84,0
496.56,22.52,0
79.45,2.94,0
93.07,5.09,0
285.28,0.71,0
82.75,10.41,0
607.57,6.67,0
267.83,20.88,0
181.98,14.52,0
425.55,14.74,0
10.18,12.77,0
59.43,2.2,0
125.11,10.68,0
51.49,23.99,0
272.44,20.05,0
503.18,21.44,0
110.25,19.76,0
83.75,2.47,0
651.68,5.46,1
117.7,0.07,0
134.3,7.28,0
86.66,2.61,0
480.59,11.35,0
168.31,16.25,0
287.24,20.99,0
334.06,17.98,0
83.66,22.53,0
113.72,1.29,0
377.4,0.29,0
90.28,15.87,0
315.91,6.94,0
566.02,6.08,0
195.21,7.94,0
270.67,6.48,0
327.05,12.27,0
372.92,10.56,0
100.52,12.3,0
10.52,16.15,0
102.79,9.29,0
224.02,6.03,0
119.69,3.99,0
276.43,8.39,0
88.32,17.8,0
201.43,18.16,0
41.26,16.01,0
276.76,5.62,0
157.8,14.11,0
45.65,13.7,0
69.04,11.62,0
276.15,13.2,0
131.79,11.8,0
48.68,13.57,0
683.9,17.17,0
251.14,2.63,0
629.94,17.99,0
111.41,3.26,0
128.91,1.6,0
456.47,23.43,0
148.91,22.97,0
245.71,1.45,0
58.12,10.64,0
118.38,4.47,0
26.35,11.65,0
46.13,19.92,0
0.19,22.81,0
8.01,15.22,0
756.94,8.49,0
55.51,14.48,0
217.72,7.49,0
365.39,21.84,0
160.0,20.89,0
33.25,13.4,0
260.48,7.8,0
183.38,7.04,0
262.8,0.8,0
293.71,19.58,0
741.09,10.81,0
170.46,7.8,0
83.6,11.31,0
209.09,19.65,0
14.18,2.99,0
455.38,20.58,0
25.43,21.54,0
79.45,22.72,0
338.29,9.54,0
181.92,5.21,0
